ID,Nr_NHP,Included_alignment,ID_DEPAVE,ID_SINAN,ID_Sigh,ID_Sigh_virology,ID_Pool_Mosquitoes,LOCATION,ZONE_PEAL,ADDRESS,Location,Latitude,Longitude,Time,Date_death,Date_of_identification_or_collection,Date_notification,Stage_decomposition,FINAL_YFV_Result,IHQ_YFV_Result,PCR_YFV_Result,RT_PCR_Ct,Collection,Transport_institute,Collected_by,Popular_name,Species,Number_individuals,Sex,Age_class,Photo_record,Height,Technique,Notes,Notes_2,Necropsy_material_collection_by,Cause_of_death,TCE,Main_pathological_alterations,IHQ_Report,PCR_Report,Rabies_Report,Final_Report,STATUS,MULTIPLEX_PCR_SEQUENCING,MULTIPLEX_PCR_BARCODE_NUMBER,MULTIPLEX_PCR_LIBRARY_NAME,MULTIPLEX_PCR_Nb of reads mapped,Average depth coverage,MULTIPLEX_PCR_Bases covered >10x,MULTIPLEX_PCR_Bases covered >25x,MULTIPLEX_PCR_Reference covered (%),SMART_9N_SEQUENCING,Lab_number,Qubit ,SMART_9N_BARCODE_NUMBER,SMART_9N_LIBRARY_NAME,SMART_9N_Nb of reads ,N50,SMART_9N_Nb of reads mapped,SMART_9N_% of reads mapped,SMART_9N_Average depth coverage,Identity,SMART_9N_Bases covered >10x,SMART_9N_Bases covered >20x,SMART_9N_Reference covered_10 (%),SMART_9N_Reference covered_20 (%),KRAKEN2_DISCOVERY,Reference_genome
1,2067,,72232,5732718,2183317B,01/26203,,Norte,Vila Amália,"Rua General Isidoro Dias Lopes, 600 - Vila Amália - CEP: 02618-290 - São Paulo - SP",Campo do Guarani,"-23,464568","-46,6488902",11:30,?06/10/2017,09/10/2017,09/10/2017,Médio (3 a 5 dias),POSITIVO,Não tem,Positivo,missing,Sim,GCM-DEPAVE,Paulo/Márcio,Bugio-ruivo,Alouatta guariba clamitans,N/A,Macho,Jovem,ok,N/A,N/A,1º epizootia confirmada RMSP,,M.V. Thaís Sanches,"Infecciosa, agente viral, febre amarela",-,Autólise avançada,não tem,sim,não enviado - ok,sim,Sequenced,,,,,,,,,Sequenced,NA,"5,68",BC11/BC11/BC14,LibYFV_PNHmosq_20220804/LibYFV_MosqPNHrepeticao_20220816/yfv_repeticao_Cantareira_20220922,"367,336",400,"23,288",6.340,"1,175.25",95.1,10849,10848,99.908,99.899,-,JF912190.1
2,,,NÃO,NÃO,,,,,Vila Amália,,Campo do Guarani,,,09:30,? 11/10/2017,21/10/2017,There_was_no_collection,Avançado (+5 a 10 dias),NÃO DETERMINADO,Não tem,Não tem,,Não,Não,"Ze, Paulo/Márcio",,Alouatta guariba clamitans,N/A,Macho,Adulto,ok,N/A,N/A,There_was_no_collection NEM NOTIFICAÇÃO,,Não,Não,#N/A,Não,,,,,,,,,,,,,,,,,,,,,,,,,,,,,,
3,,,NÃO,NÃO,,,,,Vila Amália,,Campo do Guarani,,,09:30,? 11/10/2017,21/10/2017,There_was_no_collection,Avançado (+5 a 10 dias),NÃO DETERMINADO,Não tem,Não tem,,Não,Não,"Ze, Paulo/Márcio",,Alouatta guariba clamitans,N/A,Fêmea,Adulta,ok,N/A,N/A,There_was_no_collection NEM NOTIFICAÇÃO,,Não,Não,#N/A,Não,,,,,,,,,,,,,,,,,,,,,,,,,,,,,,
4,,,72787,5732738,,,,Norte,Sede-IF,"Av. Santa Inês, 2000 - Jardim Peri - CEP: 02611-001 - São Paulo - SP",Av. Santa Inês,"-23,4648443","-46,6340698",11:15,29/10/2017,29/10/2017,29/10/2017,Íntegro (vivo _ 0 a 2 dias),NEGATIVO,Negativo,Negativo,,Sim,PAMB,Thais/Márcio,Bugio-ruivo,Alouatta guariba clamitans,N/A,Fêmea,Adulto,ok,N/A,N/A,Animal atropelado,"so acha por Av. Santa Inês, 2000 - Jardim Carlu, São Paulo - SP, 02423-030, Brasil",M.V. Thaís Sanches,Traumatismo e choque neurogênico,X,"Fratura craniana associada a herniação e hemorragia em encéfalo, fratura de mandíbula, secreção amarelada sobre superfície pulmonar",sim,sim,sim,sim,,,,,,,,,,,,,,,,,,,,,,,,,,
5,,,72959,5742751,,,,Norte,Sede-IF,"P.E. Albert Lofgren - Rua do Horto, 931 - Horto Florestal - CEP: 023770-000 - São Paulo - SP",Casa do Zé Menino,"-23,4598158","-46,6361394",18:30,03/11/2017,03/11/2017 ou 04/11/2017,04/11/2017,Íntegro (vivo_0 a 2 dias),NEGATIVO,Negativo,Negativo,,Sim,GCM-DEPAVE,Márcio,Bugio-ruivo,Alouatta guariba clamitans,N/A,Macho,Jovem,ok,N/A,N/A,9 Cães no Quintal casa do Zé Menino,"** se coloca so rua do horto 931 da em um lugar diferent. Policiamento Ambiental do Estado de São Paulo - R. do Horto, 931 - Horto Florestal, São Paulo - SP, Brasil",M.V. Thaís Sanches,Inconclusiva,-,"Área enegrecida em lobo pulmonar, congestão discreta de vasos de meninge",sim,sim,sim,sim,,,,,,,,,,,,,,,,,,,,,,,,,,
6,,,73780,4304031,,,,Norte,Vila Amália,"P.E. Albert Lofgren - Rua do Horto, 931 - Horto Florestal - CEP: 02377-000 - São Paulo - SP",Proximo a lombada eletrônica (Av. Parada Pinto),"-23,4598158","-46,6361394",09:00,?30/11/2017,03/12/2017,03/12/2017,Médio (3 a 5 dias),NEGATIVO,Negativo,Negativo,,Sim,GCM-DEPAVE,Zé,Bugio-ruivo,Alouatta guariba clamitans,N/A,Macho,Jovem,ok,N/A,N/A,No dia anterior encontrava-se machucado,"** se coloca so rua do horto 931 da em um lugar diferent. Policiamento Ambiental do Estado de São Paulo - R. do Horto, 931 - Horto Florestal, São Paulo - SP, Brasil",M.V. Thaís Sanches,Indeterminada por autólise,-,Autólise avançada,sim,sim,,sim,,,,,,,,,,,,,,,,,,,,,,,,,,
7,2707,,74070,4304052,,,,Norte,Uso Público,"P.E. Albert Lofgren/ Horto Florestal - Rua do Horto, 931 - Horto Florestal - CEP: 02377-000 - São Paulo - SP",São João Gualberto,"-23,4598158","-46,6361394",08:30,12/12/2017,12/12/2017,12/12/2017,Íntegro (vivo_0 a 2 dias),POSITIVO,Positivo,Positivo,"11,25",Sim,GCM-DEPAVE,"Thalita, Zé, Márcio, Katherine, Paulo",Bugio-ruivo,Alouatta guariba clamitans,N/A,Macho,Adulto,ok,N/A,N/A,Macho alfa do grupo,"** se coloca so rua do horto 931 da em um lugar diferent. Policiamento Ambiental do Estado de São Paulo - R. do Horto, 931 - Horto Florestal, São Paulo - SP, Brasil",M.V. Thaís Sanches,"Infecciosa, agente viral, febre amarela",-,"Hepatopatia, nefropatia, efusão pericárdica e peritoneal",sim,sim,,sim,Sequenced,Sequenced,BC24,YFV_Lib02Rep_20220516,66260,2344.55,10224,9998,86.9693,Sequenced,37,"43,8",BC14,YFV_metagenomics_1,95800,515,13739,14.34,583.07,94.9,10847,10847,99.880,99.880,-,JF912190.1
8,,,NÃO,NÃO,,,,,Uso Público,,Bica do Fundo,,,10:50,?10/12/2017,15/12/2017,There_was_no_collection,Avançado (+5 a 10 dias),NÃO DETERMINADO,Não tem,Não tem,,Não,Não,"Thalita, Márcio",,Alouatta guariba clamitans,N/A,Macho,Adulto,ok,N/A,N/A,Local de difícil acesso barranco mato,,Não,Não,#N/A,Não,,,,,,,,,,,,,,,,,,,,,,,,,,,,,,
9,2684,,74192,4304059,2195568F,,,Norte,Uso Público,"P.E. Albert Lofgren/ Horto Florestal - Rua do Horto, 931 - Horto Florestal - CEP: 02377-000 - São Paulo - SP",Portão Principal (P04),"-23,4598158","-46,6361394",15:02,16/12/2017,16/12/2017,16/12/2017 ou 17/12/2017,Íntegro (vivo_0 a 2 dias),POSITIVO,Positivo,Positivo,11,Sim,GCM-DEPAVE,Thalita,Bugio-ruivo,Alouatta guariba clamitans,N/A,Fêmea,Jovem,ok,N/A,N/A,-,"** se coloca so rua do horto 931 da em um lugar diferent. Policiamento Ambiental do Estado de São Paulo - R. do Horto, 931 - Horto Florestal, São Paulo - SP, Brasil",M.V. Thaís Sanches,"Infecciosa, agente viral, febre amarela",-,"Hepato e nefropatia, Vários órgãos friáveis - autolisados, hepatopatia, lobos pulmonares avermelhados",sim,sim,,sim,Sequenced,Sequenced,BC07,YFV_horto,14852,691.064,10210,10023,83.0924,Sequenced,7,"50,8",BC07,YFV_metagenomics_2,"407,008",491,"48,210",11.845,"2,196.40",95.4,10849,10849,99.908,99.908,-,JF912190.1
10,,,74213,4304063,,,,Norte,Uso Público,"P.E. Albert Lofgren/ Horto Florestal - Rua do Horto, 931 - Horto Florestal - CEP: 02377-000 - São Paulo - SP",Casa 04,"-23,4598158","-46,6361394",16:30,15/12/2017,15/12/2017 ou 17/12/2017,17/12/2017,Íntegro (vivo _0 a 2 dias),POSITIVO,Positivo,Positivo,,Sim,GCM-DEPAVE,Márcio,Bugio-ruivo,Alouatta guariba clamitans,N/A,Macho,Adulto,ok,N/A,N/A,Atrás da base da PM,"** se coloca so rua do horto 931 da em um lugar diferent. Policiamento Ambiental do Estado de São Paulo - R. do Horto, 931 - Horto Florestal, São Paulo - SP, Brasil",M.V. Eric Thal Brambila C. da Silva,"Infecciosa, agente viral, febre amarela",-,"Esplenomegalia, hepatopatia, hemorragia pulmonar, ascite, hidropericárdio",sim,sim,,sim,,,,,,,,,,,,,,,,,,,,,,,,,,
11,2688,,74214,4304063,2195581G,,,Norte,Uso Público,"P.E. Albert Lofgren/ Horto Florestal - Rua do Horto, 931 - Horto Florestal - CEP: 02377-000 - São Paulo - SP",São João Gualberto,"-23,4598158","-46,6361394",09:00,17/12/2017,17/12/2017,17/12/2017,Íntegro (vivo_0 a 2 dias),POSITIVO,Positivo,Positivo,"9,66",Sim,GCM-DEPAVE,"Dilmar, Márcio, Thalita",Bugio-ruivo,Alouatta guariba clamitans,N/A,Fêmea,Adulto (Lactante),ok,N/A,N/A,Fêmea Lactante,"** se coloca so rua do horto 931 da em um lugar diferent. Policiamento Ambiental do Estado de São Paulo - R. do Horto, 931 - Horto Florestal, São Paulo - SP, Brasil",M.V. Thaís Sanches,"Infecciosa, agente viral, febre amarela",-,Hepatopatia e nefropatia,sim,sim,,sim,Sequenced,Sequenced,BC08,YFV_Lib02Rep_20220516,82508,2535.28,10099,9939,80.5783,Sequenced,21,"37,6",BC21,YFV_metagenomics_2,"440,140",520,"211,290",48.005,"7,244.14",95.5,10849,10849,99.908,99.908,-,JF912190.1
12,,,74215,4304063,,,,Norte,Uso Público,"P.E. Albert Lofgren/ Horto Florestal - Rua do Horto, 931 - Horto Florestal - CEP: 02377-000 - São Paulo - SP",São João Gualberto,"-23,4598158","-46,6361394",09:00,17/12/2017,17/12/2017,17/12/2017,Vivo,POSITIVO,Positivo,Positivo,,Sim,GCM-DEPAVE,"Dilmar, Márcio, Thalita",Bugio-ruivo,Alouatta guariba clamitans,N/A,Indeterminado,Filhote,ok,N/A,N/A,Filhote (menos de 1 semana) encaminhado vivo ao DEPAVE,"** se coloca so rua do horto 931 da em um lugar diferent. Policiamento Ambiental do Estado de São Paulo - R. do Horto, 931 - Horto Florestal, São Paulo - SP, Brasil",M.V. Thaís Sanches,"Eutanásia, Infecciosa, agente viral, febre amarela",-,Ausência de lesões,sim,sim,,sim,,,,,,,,,,,,,,,,,,,,,,,,,,
13,,,74300,5734917,,,,Norte,Uso Público,"P.E. Albert Lofgren/ Horto Florestal - Rua do Horto, 931 - Horto Florestal - CEP: 02377-000 - São Paulo - SP",São João Gualberto,"-23,4598158","-46,6361394",08:20,18/12/2017,18/12/2017 ou 19/12/2017,19/12/2017,Íntegro (vivo + 1 a 2 dias),POSITIVO,Positivo,Positivo,,Sim,GCM-DEPAVE,"José Carlos, Katherine, Márcio, Paulo",Bugio-ruivo,Alouatta guariba clamitans,N/A,Macho,Jovem,ok,N/A,N/A,"Morreu em cima da árvore, a 15 m de alt. Retirado com podão.","** se coloca so rua do horto 931 da em um lugar diferent. Policiamento Ambiental do Estado de São Paulo - R. do Horto, 931 - Horto Florestal, São Paulo - SP, Brasil",M.V. Thaís Sanches,"Infecciosa, agente viral, febre amarela",-,Hepatopatia e nefropatia,sim,sim,,sim,,,,,,,,,,,,,,,,,,,,,,,,,,
14,,,74301,5734917,,,,Norte,Uso Público,"P.E. Albert Lofgren/ Horto Florestal - Rua do Horto, 931 - Horto Florestal - CEP: 02377-000 - São Paulo - SP",São João Gualberto,"-23,4598158","-46,6361394",11:10,19/12/2017,19/12/2017,19/12/2017,Íntegro (vivo_0 a 2 dias),POSITIVO,Positivo,Positivo,,Sim,GCM-DEPAVE,"Ze, Paulo",Bugio-ruivo,Alouatta guariba clamitans,N/A,Macho,Adulto,ok,N/A,N/A,-,"** se coloca so rua do horto 931 da em um lugar diferent. Policiamento Ambiental do Estado de São Paulo - R. do Horto, 931 - Horto Florestal, São Paulo - SP, Brasil",M.V. Thaís Sanches,"Infecciosa, agente viral, febre amarela",-,Hepatopatia e nefropatia,sim,sim,não enviado - ok,sim,,,,,,,,,,,,,,,,,,,,,,,,,,
15,2694,,74302,5734917,2196280D,,,Norte,Uso Público,"P.E. Albert Lofgren/ Horto Florestal - Rua do Horto, 931 - Horto Florestal - CEP: 02377-000 - São Paulo - SP",Arboreto 500 anos,"-23,4598158","-46,6361394",11:06,19/12/2017,19/12/2017,19/12/2017,Íntegro (vivo_0 a 2 dias),POSITIVO,Positivo,Positivo,"9,39",Sim,GCM-DEPAVE,"Márcio, Zé, Paulo",Bugio-ruivo,Alouatta guariba clamitans,N/A,Macho,Adulto,ok,N/A,N/A,P10 - Morreu,"** se coloca so rua do horto 931 da em um lugar diferent. Policiamento Ambiental do Estado de São Paulo - R. do Horto, 931 - Horto Florestal, São Paulo - SP, Brasil",M.V. Marcello Schiavo Nardi,"Infecciosa, agente viral, febre amarela",-,"Hepatopatia, nefropatia, ascite, hidropericárdio",sim,sim,,sim,Sequenced,Sequenced,BC10,YFV_Lib02Rep_20220516,42131,1692.67,10087,9554,80.7257,Sequenced,23,"59,4",BC23,YFV_metagenomics_2,"230,812",526,"89,420",38.741,"3,486.36",95.5,10849,10849,99.908,99.908,-,JF912190.1
16,,,74327,5734919,,,,Norte,Uso Público,"P.E. Albert Lofgren/ Horto Florestal - Rua do Horto, 931 - Horto Florestal - CEP: 02377-000 - São Paulo - SP",Museu Otávio Vecchi,"-23,4598158","-46,6361394",08:50,20/12/2017,20/12/2017,20/12/2017,Íntegro (vivo_0 a 2 dias),POSITIVO,Positivo,Positivo,,sim,GCM-DEPAVE,Marcio,Bugio-ruivo,Alouatta guariba clamitans,N/A,Fêmea,Sub adulto,ok,N/A,N/A,_,"** se coloca so rua do horto 931 da em um lugar diferent. Policiamento Ambiental do Estado de São Paulo - R. do Horto, 931 - Horto Florestal, São Paulo - SP, Brasil",M.V. Luciana Martins Rodrigues Guerra,"Infecciosa, agente viral, febre amarela",-,"Discreto conteúdo em estômago e alças, órgãos friáveis (autólise), hepatopatia, palidez renal, ascite, hidropericárdio.",sim,sim,,sim,,,,,,,,,,,,,,,,,,,,,,,,,,
17,2731,,74328,5734919,2196539I,,,Norte,Uso Público,"P.E. Albert Lofgren/ Horto Florestal - Rua do Horto, 931 - Horto Florestal - CEP: 02377-000 - São Paulo - SP",P10_Comando Pamb,"-23,4598158","-46,6361394",15:40,20/12/2017,20/12/2017,20/12/2017,Íntegro (vivo_0 a 2 dias),POSITIVO,Positivo,Positivo,"8,64",sim,GCM-DEPAVE,Marcio,Bugio-ruivo,Alouatta guariba clamitans,N/A,Macho,Adulto (alfa),ok,N/A,N/A,Morreu 14:44 Matinha Próxima P10.,"** se coloca so rua do horto 931 da em um lugar diferent. Policiamento Ambiental do Estado de São Paulo - R. do Horto, 931 - Horto Florestal, São Paulo - SP, Brasil",M.V. Thaís Sanches,"Infecciosa, agente viral, febre amarela",-,"Fissura hepática, linfonodos mesentéricos com dimensões aumentadas",sim,sim,,sim,Sequenced,Sequenced,BC27,YFV_Lib02Rep_20220516,57887,1954.27,10165,9757,84.6211,Sequenced,40,"41,4",BC17,YFV_metagenomics_1,82830,511,24694,29.81,907.893,94.8,10849,10849,99.899,99.899,-,JF912190.1
18,,,74329,5734919,,,,Norte,Uso Público,"P.E. Albert Lofgren/ Horto Florestal - Rua do Horto, 931 - Horto Florestal - CEP: 02377-000 - São Paulo - SP",Portão Principal (P04),"-23,4598158","-46,6361394",16:27,20/12/2017,20/12/2017,20/12/2017,Íntegro (Vivo_0 a 2 dias),POSITIVO,Positivo ou Amostra inadequada - sem fígado,Positivo,,Sim,GCM-DEPAVE,Zé Carlos,Bugio-ruivo,Alouatta guariba clamitans,N/A,Macho,Adulto,ok,N/A,N/A,Morreu 16:27,"** se coloca so rua do horto 931 da em um lugar diferent. Policiamento Ambiental do Estado de São Paulo - R. do Horto, 931 - Horto Florestal, São Paulo - SP, Brasil",M.V. Luciana Martins Rodrigues Guerra,"Infecciosa, agente viral, febre amarela",-,"Hepatopatia, ascite, palidez renal, áreas hemorrágicas em intestino",sim,sim,,sim,,,,,,,,,,,,,,,,,,,,,,,,,,
19,2725,,74346,5734924,,,,Norte,Uso Público,"P.E. Albert Lofgren/ Horto Florestal - Rua do Horto, 931 - Horto Florestal - CEP: 02377-000 - São Paulo - SP",Portão Principal (P04),"-23,4598158","-46,6361394",16:35,21/12/2017,21/12/2017,21/12/2017,Íntegro (vivo_0 a 2 dias),POSITIVO,Positivo,Positivo,"11,13",Sim,GCM-DEPAVE,Paulo/Marcio,Bugio-ruivo,Alouatta guariba clamitans,N/A,Macho,Filhote,ok,N/A,N/A,3 Epizootias mesmo grupo e local,"** se coloca so rua do horto 931 da em um lugar diferent. Policiamento Ambiental do Estado de São Paulo - R. do Horto, 931 - Horto Florestal, São Paulo - SP, Brasil",M.V. Thaís Sanches,"Infecciosa, agente viral, febre amarela",-,"Fígado vermelho-amarelada, fissura hepática em vários lobos, coágulo sanguíneo livre em cavidade abdominal",sim,sim,,sim,Sequenced,Sequenced,BC25,YFV_Lib02Rep_20220516,68453,2182.93,10224,9960,86.4076,Sequenced,38,"53,6",BC15,YFV_metagenomics_1,51104,541,11179,21.88,429.929,94.9,10849,10849,99.899,99.899,-,JF912190.1
20,,,74347,5734924,,,,Norte,Uso Público,"P.E. Albert Lofgren/ Horto Florestal - Rua do Horto, 931 - Horto Florestal - CEP: 02377-000 - São Paulo - SP",Portão Principal (P04),"-23,4598158","-46,6361394",16:35,21/12/2017,21/12/2017,21/12/2017,Íntegro (vivo_0 a 2 dias),POSITIVO,Inadequado/SemFígado,Positivo,,Sim,GCM-DEPAVE,Paulo/Marcio,Bugio-ruivo,Alouatta guariba clamitans,N/A,Fêmea,Adulta,ok,N/A,N/A,3 Epizootias mesmo grupo e local,"** se coloca so rua do horto 931 da em um lugar diferent. Policiamento Ambiental do Estado de São Paulo - R. do Horto, 931 - Horto Florestal, São Paulo - SP, Brasil",M.V. Thaís Sanches,"Infecciosa, agente viral, febre amarela",-,"Hepatopatia, nefropatia, ascite e hidropericárdio",sim,sim,não enviado - ok,sim,,,,,,,,,,,,,,,,,,,,,,,,,,
21,,,74348,5734924,,,,Norte,Uso Público,"P.E. Albert Lofgren/ Horto Florestal - Rua do Horto, 931 - Horto Florestal - CEP: 02377-000 - São Paulo - SP",Portão Principal (P04),"-23,4598158","-46,6361394",16:35,21/12/2017,21/12/2017,21/12/2017,Íntegro (vivo_0 a 2 dias),POSITIVO,Positivo,Positivo,,Sim,GCM-DEPAVE,Paulo/Marcio,Bugio-ruivo,Alouatta guariba clamitans,N/A,Fêmea,Adulta,ok,N/A,N/A,3 Epizootias mesmo grupo e local,"** se coloca so rua do horto 931 da em um lugar diferent. Policiamento Ambiental do Estado de São Paulo - R. do Horto, 931 - Horto Florestal, São Paulo - SP, Brasil",M.V. Thaís Sanches,"Infecciosa, agente viral, febre amarela",-,"Hepatipatia, nefropatia e discreta ascite",sim,sim,não enviado - ok,sim,,,,,,,,,,,,,,,,,,,,,,,,,,
22,2742,,74403,5734926,2196568A,,,Norte,Uso Público,"P.E. Albert Lofgren/ Horto Florestal - Rua do Horto, 931 - Horto Florestal - CEP: 02377-000 - São Paulo - SP",P10_Comando Pamb,"-23,4598158","-46,6361394",11:40,22/12/2017,22/12/2017,22/12/2017,Íntegro (vivo_0 a 2 dias),POSITIVO,Positivo,Positivo,11,Sim,GCM-DEPAVE,Vig,Bugio-ruivo,Alouatta guariba clamitans,N/A,Fêmea,Adulto,ok,N/A,N/A,,,M.V. Marcello Schiavo Nardi,"Infecciosa, agente viral, febre amarela",-,"Hepatopatia, nefropatia, ascite.",sim,sim,,sim,Sequenced,Sequenced,BC11,YFV_horto,24858,1138.62,10230,10175,84.9342,Sequenced,11,"61,2",BC11,YFV_metagenomics_2,"281,965",536,"29,986",10.635,"1,324.17",95.3,10849,10849,99.908,99.908,-,JF912190.1
23,2743,,74404,5734926,2196569K,,,Norte,Vila Amália,"P.E. Albert Lofgren/ Horto Florestal - Rua do Horto, 931 - Horto Florestal - CEP: 02377-000 - São Paulo - SP",Arboreto_Talhão de Pinus,"-23,4598158","-46,6361394",11:34,22/12/2017,22/12/2017,22/12/2017,Íntegro (vivo_0 a 2 dias),POSITIVO,Positivo,Positivo,"9,06",Sim,GCM-DEPAVE,Jose Carlos,Bugio-ruivo,Alouatta guariba clamitans,N/A,Macho,Adulto (alfa),ok,N/A,N/A,,,M.V. Eric Thal Brambila C. da Silva,"Infecciosa, agente viral, febre amarela",-,"Hepatopatia, palidez renal, ascite, hidropericárdio",sim,sim,,sim,Sequenced,Sequenced,BC28,YFV_Lib02Rep_20220516,54769,2050.39,10122,9670,80.6152,Sequenced,41,"61,6",BC18,YFV_metagenomics_1,56402,540,14362,25.46363604,573.542,94.9,10849,10849,99.89871087,99.89871087,-,JF912190.1
24,,,74405,5734926,,,,Norte,Sede-IF,"P.E. Albert Lofgren/ Horto Florestal - Rua do Horto, 931 - Horto Florestal - CEP: 02377-000 - São Paulo - SP",P10_Comando Pamb,"-23,4598158","-46,6361394",09:50,22/12/2017,22/12/2017,22/12/2017,Íntegro (vivo_0 a 2 dias),POSITIVO,Positivo,Positivo,,Não,GCM-DEPAVE,Marina,Bugio-ruivo,Alouatta guariba clamitans,N/A,Fêmea,Jovem,ok,N/A,N/A,,,M.V. Thaís Sanches,"Infecciosa, agente viral, febre amarela",-,Hepato e nefropatia,sim,sim,não enviado - ok,sim,,,,,,,,,,,,,,,,,,,,,,,,,,
25,2786,,74416,5734930,2196779K,01/34412,,Norte,Sede-IF,"P.E. Albert Lofgren/ Horto Florestal - Rua do Horto, 931 - Horto Florestal - CEP: 02377-000 - São Paulo - SP",Casa 04,"-23,4598158","-46,6361394",11:20,23/12/2017,23/12/2017 ou 24/12/2017,24/12/2017,Íntegro (vivo_0 a 2 dias),POSITIVO,Positivo,Positivo,"6,94",Sim,PAMB-DEPAVE,José Carlos,Bugio-ruivo,Alouatta guariba clamitans,N/A,Macho,Adulto,ok,N/A,N/A,-,,M.V. Thaís Sanches,"Infecciosa, agente viral, febre amarela",-,"Hepatopatia, nefropatia e hemoperitôneo",sim,sim,não enviado - ok,sim,Sequenced,Sequenced,BC22,YFV_Lib02Rep_20220516,49506,1744.29,10230,9962,85.9011,Sequenced,35,"54,4",BC12,YFV_metagenomics_1,25325,516,8259,32.61,324.342,94.8,10849,10849,99.899,99.899,-,JF912190.1
26,2787,,74417,5734930,2196780F,01/34413,,Norte,Sede-IF,"P.E. Albert Lofgren/ Horto Florestal - Rua do Horto, 931 - Horto Florestal - CEP: 02377-000 - São Paulo - SP",Dasonomia,"-23,4598158","-46,6361394",12:00,23/12/2017,23/12/2017 ou 24/12/2017,24/12/2017,Íntegro (vivo_0 a 2 dias),POSITIVO,Positivo,Positivo,missing,Sim,PAMB-DEPAVE,"Dilmar, José Carlos",Bugio-ruivo,Alouatta guariba clamitans,N/A,Macho,Adulto,ok,N/A,N/A,-,,M.V. Thaís Sanches,"Infecciosa, agente viral, febre amarela",-,"Hepatopatia, nefropatia, lesões traumáticas em crânio",sim,sim,,sim,Sequenced,Sequenced,BC22,YFV_Lib02Rep_20220516,49506,1744.29,10230,9962,85.9011,Sequenced,N/A,"4,04",BC13/BC13/BC17,LibYFV_PNHmosq_20220804/LibYFV_MosqPNHrepeticao_20220816/yfv_repeticao_Cantareira_20220922,"321,847",413,27924,8.676172218,1388.867,95.1,10848,10848,99.89870154,99.89870154,-,JF912190.1
27,2788,,74418,5734930,2196781E,01/34414,,Norte,Uso Público,"P.E. Albert Lofgren/ Horto Florestal - Rua do Horto, 931 - Horto Florestal - CEP: 02377-000 - São Paulo - SP",P10_Comando Pamb,"-23,4598158","-46,6361394",10:34,23/12/2017,23/12/2017 ou 24/12/2017,24/12/2017,Íntegro (vivo_0 a 2 dias),POSITIVO,Positivo,Positivo,missing,Não,PAMB-DEPAVE,Zampiroli PAMB,Bugio-ruivo,Alouatta guariba clamitans,N/A,Não Informado,Não Informado,Não,N/A,N/A,,,M.V. Thaís Sanches,"Infeciosa, agente viral, febre amarela",-,"Hepatopatia, nefropatia e hemoperitôneo - autólise moderada",sim,sim,não enviado - ok,sim,Sequenced,Sequenced,BC22,YFV_Lib02Rep_20220516,49506,1744.29,10230,9962,85.9011,Sequenced,N/A,"4,24",BC14/BC15/BC18,LibYFV_PNHmosq_20220804/LibYFV_MosqPNHrepeticao_20220816/yfv_repeticao_Cantareira_20220922,"469,318",408,1386,0.295322148,57.711,94.9,7876,6142,72.52969887,56.56137766,-,JF912190.1
28,2789,,74419,5734930,2196782D,01/34415,,Norte,Uso Público,"P.E. Albert Lofgren/ Horto Florestal - Rua do Horto, 931 - Horto Florestal - CEP: 02377-000 - São Paulo - SP",Casa 04,"-23,4598158","-46,6361394",10:23,23/12/2017,23/10/2017 ou 24/12/2017,24/10/2017 ou 24/12/2017,Íntegro (vivo_0 a 2 dias),POSITIVO,Positivo,Positivo,missing,Não,PAMB-DEPAVE,José Carlos,Bugio-ruivo,Alouatta guariba clamitans,N/A,Não Informado,Não Informado,Não,N/A,N/A,,,M.V. Eric Thal Brambila C. da Silva,"Infecciosa, agente viral, febre amarela",-,"Fígado de coloração heterogênea, icterícia, palidez renal, ascite",sim,sim,,sim,Sequenced,Sequenced,BC22,YFV_Lib02Rep_20220516,49506,1744.29,10230,9962,85.9011,Sequenced,N/A,"2,46",BC15/BC16/BC19,LibYFV_PNHmosq_20220804/LibYFV_MosqPNHrepeticao_20220816/yfv_repeticao_Cantareira_20220922,"142,280",400,689,0.484256396,27.829,95.1,7857,4322,72.3547288,39.80108666,-,JF912190.1
29,,,74427,5734931,,,,Norte,Vila Amália,"P.E. Albert Lofgren/ Horto Florestal - Rua do Horto, 931 - Horto Florestal - CEP: 02377-000 - São Paulo - SP",Vila Amélia_Parada Pinto,"-23,4598158","-46,6361394",09:18,25/12/2017,25/12/2017 ou 26/12/2017,26/12/2017,Íntegro (vivo_0 a 2 dias),POSITIVO,Positivo,Positivo,,Não,PAMB-DEPAVE,Rafael Pereira Vig,Bugio-ruivo,Alouatta guariba clamitans,N/A,Macho,Adulto,ok,N/A,N/A,-,,M.V. Thaís Sanches,"Infecciosa, agente viral, febre amarela",X,"Hepatopatia, nefropatia, lesões traumáticas em crânio",sim,sim,,sim,,,,,,,,,,,,,,,,,,,,,,,,,,
30,,,74429,5734931,,,,Norte,Vila Amália,"P.E. Albert Lofgren/ Horto Florestal - Rua do Horto, 931 - Horto Florestal - CEP: 02377-000 - São Paulo - SP",Vila Amélia_Parada Pinto,"-23,4598158","-46,6361394",09:31,21/12/2017,25/12/2017 ou 26/12/2017,26/12/2017,Avançado (+5 a 10 dias),NÃO DETERMINADO,Sample_not_sent,Sample_not_sent,,Não,Não,Rafael Pereira Vig,Bugio-ruivo,Alouatta guariba clamitans,N/A,Não Informado,Não Informado,N,N/A,N/A,Apenas Notificado. Estágio avançado,,NÃO TEVE COLETA,NÃO INFORMADO,,NÃO INFORMADO,,,,,,,,,,,,,,,,,,,,,,,,,,,,,,
31,,,74432,5734931,,,,Norte,Vila Amália,"P.E. Albert Lofgren/ Horto Florestal - Rua do Horto, 931 - Horto Florestal - CEP: 02377-000 - São Paulo - SP",Vila Amélia_Parada Pinto,"-23,4598158","-46,6361394",13:07,21/12/2017,25/12/2017 ou 26/12/2017,26/12/2017,Avançado (+5 a 10 dias),NÃO DETERMINADO,Sample_not_sent,Sample_not_sent,,Não,Não,Rafael Pereira Vig,Bugio-ruivo,Alouatta guariba clamitans,N/A,Não Informado,Não Informado,N,N/A,N/A,Apenas Notificado. Estágio avançado,,NÃO TEVE COLETA,NÃO INFORMADO,,NÃO INFORMADO,,,,,,,,,,,,,,,,,,,,,,,,,,,,,,
32,,,74443,5734931,,,,Norte,Sede-IF,"P.E. Albert Lofgren/ Horto Florestal - Rua do Horto, 931 - Horto Florestal - CEP: 02377-000 - São Paulo - SP",P10_Comando Pamb,"-23,4598158","-46,6361394",09:12,21/12/2017,26/12/2017,26/12/2017,Avançado (+5 a 10 dias),NÃO DETERMINADO,Sample_not_sent,Sample_not_sent,,Não,Não,José Carlos,Bugio-ruivo,Alouatta guariba clamitans,N/A,Não Informado,Não Informado,N,N/A,N/A,Apenas Notificado. Estágio avançado. Enterrado.,,NÃO TEVE COLETA,NÃO INFORMADO,,NÃO INFORMADO,,,,,,,,,,,,,,,,,,,,,,,,,,,,,,
33,,,74452,5734931,,,,Norte,Sede-IF,"P.E. Albert Lofgren/ Horto Florestal - Rua do Horto, 931 - Horto Florestal - CEP: 02377-000 - São Paulo - SP",Viveiro,"-23,4598158","-46,6361394",09:20,23/12/2017,26/12/2017,26/12/2017,Médio,POSITIVO,Positivo,Positivo,,Não,Não,Juliana França,Bugio-ruivo,Alouatta guariba clamitans,N/A,Macho,Adulto,ok,N/A,N/A,"Estágio médio p Avançado, mas coletou!",,M.V. Thaís Sanches,"Infecciosa, agente viral, febre amarela",-,Autólise avançada,sim,sim,não enviado - ok,sim,,,,,,,,,,,,,,,,,,,,,,,,,,
34,2754,,74453,5734931,2196785A,,,Norte,Vila Amália,"P.E. Albert Lofgren/ Horto Florestal - Rua do Horto, 931 - Horto Florestal - CEP: 02377-000 - São Paulo - SP",Vila Amélia_Parada Pinto,"-23,4598158","-46,6361394",11:25,23/12/2017,26/12/2017,26/12/2017,Médio,POSITIVO,Positivo,Positivo,"16,78",Não,Não,José Carlos,Bugio-ruivo,Alouatta guariba clamitans,N/A,Fêmea,Adulto,ok,N/A,N/A,Médio Avançado mas coletou,,M.V. Thaís Sanches,"Infecciosa, agente viral, febre amarela",-,Autólise avançada,sim,sim,não enviado - ok,sim,Sequenced,Sequenced,BC29,YFV_Lib02Rep_20220516,281508,4633.17,10231,10230,87.9823,Sequenced,42,"47,8",BC19,YFV_metagenomics_1,106855,512,10762,10.07,414.418,94.8,10849,10849,99.899,99.899,Hepatovirus A,JF912190.1
35,,,74454,5734931,,,,Norte,Sede-IF,"P.E. Albert Lofgren/ Horto Florestal - Rua do Horto, 931 - Horto Florestal - CEP: 02377-000 - São Paulo - SP",Viveiro,"-23,4598158","-46,6361394",11:00,23/12/2017,26/12/2017,26/12/2017,Médio-Avançado,POSITIVO,Positivo,Positivo,,Não,Não,Mauricio,Bugio-ruivo,Alouatta guariba clamitans,N/A,Fêmea,Adulto,ok,N/A,N/A,Médio Avançado mas coletou,,M.V. Eric Thal Brambila C. da Silva,"Infecciosa, agente viral, febre amarela",-,"Autólise avançada, Hepatopatia, ascite, hidropericárdio",sim,sim,,sim,,,,,,,,,,,,,,,,,,,,,,,,,,
36,,,74455,5734931,,,,Norte,Sede-IF,"P.E. Albert Lofgren/ Horto Florestal - Rua do Horto, 931 - Horto Florestal - CEP: 02377-000 - São Paulo - SP",Viveiro,"-23,4598158","-46,6361394",11:00,23/12/2017,26/12/2017,26/12/2017,Médio-Avançado,POSITIVO,Positivo,Positivo,,Não,PAMB-DEPAVE,Hélia Maria,Bugio-ruivo,Alouatta guariba clamitans,N/A,Macho,Adulto,ok,N/A,N/A,Médio Avançado mas coletou,,M.V. Eric Thal Brambila C. da Silva,"Infecciosa, agente viral, febre amarela",-,Autólise avançada,sim,sim,,sim,,,,,,,,,,,,,,,,,,,,,,,,,,
37,,,74456,5734931,,,,Norte,Uso Público,"P.E. Albert Lofgren/ Horto Florestal - Rua do Horto, 931 - Horto Florestal - CEP: 02377-000 - São Paulo - SP",Portão Principal (P04),"-23,4598158","-46,6361394",11:03,26/12/2017,26/12/2017,26/12/2017,Vivo,POSITIVO,Positivo,Positivo,,Sim,PAMB-DEPAVE,Hélia Maria,Bugio-ruivo,Alouatta guariba clamitans,N/A,Filhote,Filhote,ok,N/A,N/A,Fraco,,,"Eutanásia, Infecciosa, agente viral, febre amarela",-,,sim,sim,,sim,,,,,,,,,,,,,,,,,,,,,,,,,,
38,2878,,74510,5734933,2196823F,01/34452,,Norte,Vila Amália,"P.E. Albert Lofgren/ Horto Florestal - Rua do Horto, 931 - Horto Florestal - CEP: 02377-000 - São Paulo - SP",Entre Parada Pinto e Vila Amélia,"-23,4598158","-46,6361394",09:10,24/12/2017,27/12/2017,27/12/2017,Íntegro (vivo_0 a 2 dias),POSITIVO,Positivo,Positivo,,Sim,PAMB-DEPAVE,"Hélia Maria, Dilmar",Bugio-ruivo,Alouatta guariba clamitans,N/A,Macho,Sub adulto,ok,N/A,N/A,,,M.V. Thaís Sanches,"Infecciosa, agente viral, febre amarela",-,Autólise avançada,sim,sim,não enviado - ok,sim,Sequenced,,,,,,,,,Sequenced,N/A,"9,28",BC16/BC17,LibYFV_PNHmosq_20220804/LibYFV_MosqPNHrepeticao_20220816/yfv_repeticao_Cantareira_20220922,"187,064",402,394,0.211,15.977,94.9,4010,"2,806",36.928,25.840,-,JF912190.1
39,2877,,74512,5734933,2196824E,01/34453,,Norte,Vila Amália,"P.E. Albert Lofgren/ Horto Florestal - Rua do Horto, 931 - Horto Florestal - CEP: 02377-000 - São Paulo - SP",Entre Parada Pinto e Vila Amélia,"-23,4598158","-46,6361394",09:23,22/10/2017,27/12/2017,27/12/2017,Médio-Avançado,POSITIVO,Positivo,Positivo,,Não,Não,"Hélia Maria, Dilmar",Bugio-ruivo,Alouatta guariba clamitans,N/A,Macho,Jovem,ok,N/A,N/A,Grupo todo Vl Amália afetado. Muitos em estado avançado de decomposição.,,M.V. Thaís Sanches,"Infecciosa, agente viral, febre amarela",-,Autólise Avançada,sim,sim,não enviado - ok,sim,Sequenced,,,,,,,,,Sequenced,N/A,"7,94",BC17/BC18/BC20,LibYFV_PNHmosq_20220804/LibYFV_MosqPNHrepeticao_20220816/yfv_repeticao_Cantareira_20220922,"203,729",407,6566,3.222908864,327.723,95,10848,10816,99.89870154,99.6040151,-,JF912190.1
40,2876,,74513,5734933,2196825D,01/34454,,Norte,Vila Amália,"P.E. Albert Lofgren/ Horto Florestal - Rua do Horto, 931 - Horto Florestal - CEP: 02377-000 - São Paulo - SP",Entre Parada Pinto e Vila Amélia,"-23,4598158","-46,6361394",09:26,24/12/2017,27/12/2017,27/12/2017,Médio,POSITIVO,Positivo,Positivo,missing,Não,Não,"Hélia Maria, Dilmar",Bugio-ruivo,Alouatta guariba clamitans,N/A,Macho,Adulto,ok,N/A,N/A,Coletou!,,M. V. Thais Sanches,"Infecciosa, agente viral, febre amarela",-,Autólise Avançada,sim,sim,não enviado - ok,sim,Sequenced,,,,,,,,,Sequenced,N/A,"7,48",BC18/BC19/BC21,LibYFV_PNHmosq_20220804/LibYFV_MosqPNHrepeticao_20220816/yfv_repeticao_Cantareira_20220922,"774,456",397,"10,175",1.314,532.566,94.4,10848,10848,99.899,99.899,-,JF912190.1
41,,,74514,5734933,,,,Norte,Vila Amália,"P.E. Albert Lofgren/ Horto Florestal - Rua do Horto, 931 - Horto Florestal - CEP: 02377-000 - São Paulo - SP",Entre Parada Pinto e Vila Amélia,"-23,4598158","-46,6361394",09:45,21/12/2017,27/12/2017,27/12/2017,Avançado,NÃO DETERMINADO,Não tem ou Positivo,Não tem ou Positivo,,Não,Não,"Hélia Maria, Dilmar",Bugio-ruivo,Alouatta guariba clamitans,N/A,Não Informado,Adulto,ok,N/A,N/A,Enterrado. Decomposição muito avançada,,NÃO,NÃO,-,NÃO,sim,sim,,sim,,,,,,,,,,,,,,,,,,,,,,,,,,
42,,,74518,5734933,,,,Norte,Vila Amália,"P.E. Albert Lofgren/ Horto Florestal - Rua do Horto, 931 - Horto Florestal - CEP: 02377-000 - São Paulo - SP",Entre Parada Pinto e Vila Amélia,"-23,4598158","-46,6361394",09:59,24/12/2017,27/12/2017,27/12/2017,Médio,NÃO DETERMINADO,Não tem,Não tem,,Sim,PAMB-DEPAVE,"José Carlos, Rafael",Bugio-ruivo,Alouatta guariba clamitans,N/A,Fêmea,Adulto,ok,N/A,N/A,-,,NÃO,NÃO,,NÃO,,,,,,,,,,,,,,,,,,,,,,,,,,,,,,
43,,,NÃO,Não,,,,,Vila Amália,,Entre Parada Pinto e Vila Amélia,,,10:09,21/12/2017,27/12/2017,NÃO NOTIFICADO,Avançado,NÃO DETERMINADO,Não tem,Não tem,,Não,Não,Rafael Pereira,#N/A,Alouatta guariba clamitans,N/A,Macho,Adulto (alfa),ok,N/A,N/A,Enterrado. Decomposição muito avançada. Sem notificação.,,NÃO,NÃO,#N/A,NÃO,,,,,,,,,,,,,,,,,,,,,,,,,,,,,,
44,,,74519,5734933,,,,Norte,Vila Amália,"P.E. Albert Lofgren/ Horto Florestal - Rua do Horto, 931 - Horto Florestal - CEP: 02377-000 - São Paulo - SP",Entre Parada Pinto e Vila Amélia,"-23,4598158","-46,6361394",10:37,21/12/2017,27/12/2017,27/12/2017,Avançado,NÃO DETERMINADO,Não tem,Não tem,,Não,Não,Rafael Pereira,Bugio-ruivo,Alouatta guariba clamitans,N/A,Fêmea,Adulto,ok,N/A,N/A,Enterrado. Decomposição muito avançada,,NÃO,NÃO,,NÃO,,,,,,,,,,,,,,,,,,,,,,,,,,,,,,
45,,,74514,5734933,,,,Norte,Vila Amália,"P.E. Albert Lofgren/ Horto Florestal - Rua do Horto, 931 - Horto Florestal - CEP: 02377-000 - São Paulo - SP",Entre Parada Pinto e Vila Amélia,"-23,4598158","-46,6361394",10:44,25/12/2017,27/12/2017,27/12/2017,íntegro,POSITIVO,Positivo,Positivo,,Sim,PAMB-DEPAVE,Rafael Pereira,Bugio-ruivo,Alouatta guariba clamitans,N/A,Macho,Adulto,ok,N/A,N/A,Médio Avançado mas coletou,,M.V. Eric Thal Brambila C. da Silva,"Infecciosa, agente viral, febre amarela",-,Autólise avançada,sim,sim,,sim,,,,,,,,,,,,,,,,,,,,,,,,,,
46,,,74520,5734933,,,,Norte,Vila Amália,"P.E. Albert Lofgren/ Horto Florestal - Rua do Horto, 931 - Horto Florestal - CEP: 02377-000 - São Paulo - SP",Entre Parada Pinto e Vila Amélia,"-23,4598158","-46,6361394",11:41,21/12/2017,27/12/2017,27/12/2017,Avançado,NÃO DETERMINADO,Não tem,Não tem,,Não,Não,Dilmar,Bugio-ruivo,Alouatta guariba clamitans,N/A,Fêmea,Adulto,ok,N/A,N/A,Único notificado deste lote estágio avançado. Vig RAFAEL.,,NÃO,NÃO,,NÃO,,,,,,,,,,,,,,,,,,,,,,,,,,,,,,
47,,,74521,5734933,,,,Norte,Vila Amália,"P.E. Albert Lofgren/ Horto Florestal - Rua do Horto, 931 - Horto Florestal - CEP: 02377-000 - São Paulo - SP",Entre Parada Pinto e Vila Amélia,"-23,4598158","-46,6361394",12:05,22/12/2017,27/12/2017,27/12/2017,Avançado,NÃO DETERMINADO,Não tem,Não tem,,Não,Não,Dilmar,Bugio-ruivo,Alouatta guariba clamitans,N/A,Macho,Adulto (alfa),ok,N/A,N/A,Notificou!,,NÃO,NÃO,,NÃO,,,,,,,,,,,,,,,,,,,,,,,,,,,,,,
48,,,74609,5734936,,,,Norte,Vila Amália,"P.E. Albert Lofgren/ Horto Florestal - Rua do Horto, 931 - Horto Florestal - CEP: 02377-000 - São Paulo - SP",entre Parada Pinto e Vila Amélia,"-23,4598158","-46,6361394",08:58,22/12/2017,28/12/2017,28/12/2017,Avançado,NÃO DETERMINADO,Não tem,Não tem,,Não,Não,Camila Matias,Bugio-ruivo,Alouatta guariba clamitans,N/A,Fêmea,Adulto,ok,N/A,N/A,There_was_no_collection! Apenas notificação!,,NÃO,NÃO,,NÃO,,,,,,,,,,,,,,,,,,,,,,,,,,,,,,
49,,,74610,5734936,,,,Norte,Vila Amália,"P.E. Albert Lofgren/ Horto Florestal - Rua do Horto, 931 - Horto Florestal - CEP: 02377-000 - São Paulo - SP",Entre Parada Pinto e Vila Amélia,"-23,4598158","-46,6361394",09:01,22/12/2017,28/12/2017,28/12/2017,Avançado,NÃO DETERMINADO,Não tem,Não tem,,Não,Não,Camila Matias,Bugio-ruivo,Alouatta guariba clamitans,N/A,Macho,Adulto,ok,N/A,N/A,There_was_no_collection! Apenas notificação!,,,,,,,,,,,,,,,,,,,,,,,,,,,,,,,,,,,
50,,,74631,5734926,,,,Norte,Vila Amália,"P.E. Albert Lofgren/ Horto Florestal - Rua do Horto, 931 - Horto Florestal - CEP: 02377-000 - São Paulo - SP",Guarita de lata/bica,"-23,4598158","-46,6361394",18:32,28/12/2017,28/12/2017 ou 29/12/2017,29/12/2017,Íntegro,POSITIVO,Positivo,Positivo,,Sim,PAMB-DEPAVE,Anderson,Bugio-ruivo,Alouatta guariba clamitans,N/A,Macho,Adulto (alfa),ok,N/A,N/A,-,,M.V. Thaís Sanches,"Infecciosa, agente viral, febre amarela",,Hepatopatia e nefropatia,sim,sim,não enviado - ok,sim,,,,,,,,,,,,,,,,,,,,,,,,,,
51,,,74405,5734926,,,,Norte,Sede-IF,"P.E. Albert Lofgren/ Horto Florestal - Rua do Horto, 931 - Horto Florestal - CEP: 02377-000 - São Paulo - SP",Portão Principal (P04),"-23,4598158","-46,6361394",09:01,24/12/2017,28/12/2017 ou 22/12/2017,29/12/2017 ou 22/12/2017,Avançado,POSITIVO,Positivo,Positivo,,Não,PAMB-DEPAVE,Camila,Bugio-ruivo,Alouatta guariba clamitans,N/A,Macho,Adulto,ok,N/A,N/A,-,,M.V. Thaís Sanches,"Infecciosa, agente viral, febre amarela",,Hepato e nefropatia,sim,sim,não enviado - ok,sim,,,,,,,,,,,,,,,,,,,,,,,,,,
52,,,74632,5734939,,,,Norte,Sede-IF,"P.E. Albert Lofgren/ Horto Florestal - Rua do Horto, 931 - Horto Florestal - CEP: 02377-000 - São Paulo - SP",Viveiro,"-23,4598158","-46,6361394",10:22,29/10/2017,29/12/2017,29/12/2017,Íntegro (vivo_0 a 2 dias),POSITIVO,Positivo,Positivo,,Sim,PAMB-DEPAVE,"Márcio, Paulo",Bugio-ruivo,Alouatta guariba clamitans,N/A,Macho,Sub adulto,ok,N/A,N/A,Caiu da árvore às 09h:36min,,M.V. Thaís Sanches,"Infecciosa, agente viral, febre amarela",,"Hepatopatia, palidez renal acentuada, efusão sanguinolenta abdominal",sim,sim,não enviado - ok,sim,,,,,,,,,,,,,,,,,,,,,,,,,,
53,,,74639,5734941,,,,Norte,Sede-IF,"P.E. Albert Lofgren/ Horto Florestal - Rua do Horto, 931 - Horto Florestal - CEP: 02377-000 - São Paulo - SP",Talhão de Pinus DD,"-23,4598158","-46,6361394",11:09,24/12/2017,30/12/2017,30/12/2017,Avançado,NÃO DETERMINADO,Não tem,Não tem,,Não,Não,Paulo. Márcio,Bugio-ruivo,Alouatta guariba clamitans,N/A,Fêmea,Adulto,ok,N/A,N/A,Cheiro muito forte. Não deu coleta.,,Não,NÃO,,NÃO,,,,,,,,,,,,,,,,,,,,,,,,,,,,,,
55,,,74640,5734941,,,,Norte,Sede-IF,"P.E. Albert Lofgren/ Horto Florestal - Rua do Horto, 931 - Horto Florestal - CEP: 02377-000 - São Paulo - SP",DD Cemas,"-23,4598158","-46,6361394",11:23,24/12/2017,30/12/2017,30/12/2017,Avançado,NÃO DETERMINADO,Não tem,Não tem,,Não,Não,Paulo. Márcio,Bugio-ruivo,Alouatta guariba clamitans,N/A,Macho,Adulto,ok,N/A,N/A,Cheiro muito forte. Não deu coleta.,,NÃO,NÃO,,NÃO,,,,,,,,,,,,,,,,,,,,,,,,,,,,,,
56,,,74641,5734941,,,,Norte,Sede-IF,"P.E. Albert Lofgren/ Horto Florestal - Rua do Horto, 931 - Horto Florestal - CEP: 02377-000 - São Paulo - SP",Grupo Hospedaria_bambuzal_pinheiro do brejo,"-23,4598158","-46,6361394",12:36,24/12/2017,30/12/2017,30/12/2017,Avançado,NÃO DETERMINADO,Não tem,Não tem,,Não,Não,Paulo. Márcio,Bugio-ruivo,Alouatta guariba clamitans,N/A,Fêmea,Adulto,ok,N/A,N/A,Cheiro muito forte. Não deu coleta.,,NÃO,NÃO,,NÃO,,,,,,,,,,,,,,,,,,,,,,,,,,,,,,
57,2866,,74646,5734943,2197181B,01/307,,Norte,Vila Amália,"P.E. Albert Lofgren/ Horto Florestal - Rua do Horto, 931 - Horto Florestal - CEP: 02377-000 - São Paulo - SP",Grupo Vila Amalia II,"-23,4598158","-46,6361394",07:58,28/12/2017,31/12/2017,31/12/2017,Médio,POSITIVO,Positivo,Positivo,missing,Não,PAMB-DEPAVE,Rafael Vig/Paulo,Bugio-ruivo,Alouatta guariba clamitans,N/A,Femea,Adulta,Não,N/A,N/A,"Deu Coleta, mas cheiro forte.",,M.V. Thaís Sanches,"Infecciosa, agente viral, febre amarela",,Autólise avançada,sim,sim,,sim,Sequenced,,,,,,,,,Sequenced,N/A,114,BC19/BC20,LibYFV_PNHmosq_20220804/LibYFV_MosqPNHrepeticao_20220816/yfv_repeticao_Cantareira_20220922,"36,295",288,107,0.295,2.473,94.6,104,104,0.958,0.958,-,JF912190.1
58,2867,,74647,5734943,2197182A,01/308,,Norte,Vila Amália,"P.E. Albert Lofgren/ Horto Florestal - Rua do Horto, 931 - Horto Florestal - CEP: 02377-000 - São Paulo - SP",Grupo Vila Amalia II,"-23,4598158","-46,6361394",08:05,28/12/2017,31/12/2017,31/12/2017,Médio,POSITIVO,Positivo,Positivo,missing,Não,PAMB-DEPAVE,Rafael Vig/Paulo,Bugio-ruivo,Alouatta guariba clamitans,N/A,Não Informado,Filhote,Não,N/A,N/A,"Deu Coleta, mas cheiro forte.",,M.V. Thaís Sanches,"Infecciosa, agente viral, febre amarela",,Autólise avançada,sim,sim,,sim,Sequenced,,,,,,,,,Sequenced,N/A,"3,32",BC20/BC21/BC22,LibYFV_PNHmosq_20220804/LibYFV_MosqPNHrepeticao_20220816/yfv_repeticao_Cantareira_20220922,"447,068",417,4574,1.023110578,184.896,95.1,10687,10568,98.41606041,97.32019523,-,JF912190.1
59,2868,,74649,5734943,2197183K,01/309,,Norte,Vila Amália,"P.E. Albert Lofgren/ Horto Florestal - Rua do Horto, 931 - Horto Florestal - CEP: 02377-000 - São Paulo - SP",Grupo Vila Amalia II,"-23,4598158","-46,6361394",08:05,28/12/2017 ou 31/12/2017,31/12/2017,31/12/2017,Médio,POSITIVO,Positivo,Positivo,missing,Não,PAMB-DEPAVE,Rafael Vig/Paulo,Bugio-ruivo,Alouatta guariba clamitans,N/A,Macho,Adulto,Não,N/A,N/A,"Deu Coleta, mas cheiro forte.",,M.V. Thaís Sanches,"Infecciosa, agente viral, febre amarela",,Autólise avançada,sim,sim,não enviado - ok,sim,Sequenced,,,,,,,,,Sequenced,N/A,"2,88",BC21/BC22/BC23,LibYFV_PNHmosq_20220804/LibYFV_MosqPNHrepeticao_20220816/yfv_repeticao_Cantareira_20220922,"247,208",410,29285,11.84629947,1175.887,95.2,10848,10848,99.89870154,99.89870154,-,JF912190.1
60,,,74650,5734943,,,,Norte,Vila Amália,"P.E. Albert Lofgren/ Horto Florestal - Rua do Horto, 931 - Horto Florestal - CEP: 02377-000 - São Paulo - SP",Grupo Vila Amalia II,"-23,4598158","-46,6361394",08:15,24/12/2017,31/12/2017,31/12/2017,Avançado,NÃO DETERMINADO,Não tem,Não tem,,Não,Não,Rafael Vig/Paulo,Bugio-ruivo,Alouatta guariba clamitans,N/A,Não Informado,Não Informado,Não,N/A,N/A,Mesmo Grupo. Não deu coleta. Considerado mesma coordenada para todo Grupo.,,NÃO,NÃO,,NÃO,,,,,,,,,,,,,,,,,,,,,,,,,,,,,,
61,,,74651,5734943,,,,Norte,Vila Amália,"P.E. Albert Lofgren/ Horto Florestal - Rua do Horto, 931 - Horto Florestal - CEP: 02377-000 - São Paulo - SP",Grupo Vila Amalia II,"-23,4598158","-46,6361394",08:25,24/12/2017,31/12/2017,31/12/2017,Avançado,NÃO DETERMINADO,Não tem,Não tem,,Não,Não,Rafael Vig/Paulo,Bugio-ruivo,Alouatta guariba clamitans,N/A,Não Informado,Não Informado,Não,N/A,N/A,Mesmo Grupo. Não deu coleta. Considerado mesma coordenada para todo Grupo.,,NÃO,NÃO,,NÃO,,,,,,,,,,,,,,,,,,,,,,,,,,,,,,
62,,,74652,5734943,,,,Norte,Vila Amália,"P.E. Albert Lofgren/ Horto Florestal - Rua do Horto, 931 - Horto Florestal - CEP: 02377-000 - São Paulo - SP",Grupo Vila Amalia II,"-23,4598158","-46,6361394",08:30,24/12/2017,31/12/2017,31/12/2017,Avançado,NÃO DETERMINADO,Não tem,Não tem,,Não,Não,Rafael Vig/Paulo,Bugio-ruivo,Alouatta guariba clamitans,N/A,Não Informado,Não Informado,Não,N/A,N/A,Mesmo Grupo. Não deu coleta. Considerado mesma coordenada para todo Grupo.,,NÃO,NÃO,,NÃO,,,,,,,,,,,,,,,,,,,,,,,,,,,,,,
63,,,74653,5734943,,,,Norte,Vila Amália,"P.E. Albert Lofgren/ Horto Florestal - Rua do Horto, 931 - Horto Florestal - CEP: 02377-000 - São Paulo - SP",Grupo Vila Amalia II,"-23,4598158","-46,6361394",08:30,24/12/2017,31/12/2017,31/12/2017,Avançado,NÃO DETERMINADO,Não tem,Não tem,,Não,Não,Rafael Vig/Paulo,Bugio-ruivo,Alouatta guariba clamitans,N/A,Não Informado,Não Informado,Não,N/A,N/A,Mesmo Grupo. Não deu coleta. Considerado mesma coordenada para todo Grupo.,,NÃO,NÃO,,NÃO,,,,,,,,,,,,,,,,,,,,,,,,,,,,,,
64,,,74654,5734943,,,,Norte,Vila Amália,"P.E. Albert Lofgren/ Horto Florestal - Rua do Horto, 931 - Horto Florestal - CEP: 02377-000 - São Paulo - SP",Grupo Vila Amalia II,"-23,4598158","-46,6361394",08:35,24/12/2017,31/12/2017,31/12/2017,Avançado,NÃO DETERMINADO,Não tem,Não tem,,Não,Não,Rafael Vig/Paulo,Bugio-ruivo,Alouatta guariba clamitans,N/A,Não Informado,Não Informado,Não,N/A,N/A,Mesmo Grupo. Não deu coleta. Considerado mesma coordenada para todo Grupo.,,NÃO,NÃO,,NÃO,,,,,,,,,,,,,,,,,,,,,,,,,,,,,,
65,,,74736,5734949,,,,Norte,Sede-IF,"P.E. Albert Lofgren/ Horto Florestal - Rua do Horto, 931 - Horto Florestal - CEP: 02377-000 - São Paulo - SP",Portão Cetesb,"-23,4598158","-46,6361394",,28/12/2017,03/01/2018,04/01/2018,Avançado,NÃO DETERMINADO,Não tem,Não tem,,Não,Não,Rafael Vig/Paulo,Bugio-ruivo,Alouatta guariba clamitans,N/A,Não Informado,Não Informado,Não,N/A,N/A,Mesmo Grupo. Não deu coleta. Considerado mesma coordenada para todo Grupo.,,NÃO,NÃO,,NÃO,,,,,,,,,,,,,,,,,,,,,,,,,,,,,,
66,2869,,74786,5734952,,,,Norte,Vila Amália,"P.E. Albert Lofgren/ Horto Florestal - Rua do Horto, 931 - Horto Florestal - CEP: 02377-000 - São Paulo - SP",Polo,"-23,4598158","-46,6361394",15:02,3/1/2018,04/01/2018 ou 05/01/2018,05/01/2018,Íntegro (vivo_0 a 2 dias),POSITIVO,Não tem ou Positivo,Não tem ou Positivo,,Não,Não,Paulo/ Marcio,Bugio-ruivo,Alouatta guariba clamitans,N/A,Não Informado,Não Informado,Não,N/A,N/A,Estágio Avançado. Cheiro Forte Carniça. Enterrado!,,NÃO,"Infecciosa, agente viral, febre amarela",,NÃO,sim,sim,,sim,,,,,,,,,,,,,,,,,,,,,,,,,,
67,,,74787,5734952,,,,Norte,Vila Amália,"P.E. Albert Lofgren/ Horto Florestal - Rua do Horto, 931 - Horto Florestal - CEP: 02377-000 - São Paulo - SP",Polo,"-23,4598158","-46,6361394",15:14,03/01/2018,05/01/2018,05/01/2018,Íntegro (vivo_0 a 2 dias),POSITIVO,Não tem ou Positivo,Não tem ou Positivo,,Não,Não,Paulo/Marcio,Bugio-ruivo,Alouatta guariba clamitans,N/A,Não Informado,Não Informado,Não,N/A,N/A,Estágio Avançado. Cheiro Forte Carniça. Enterrado!,,NÃO,"Infecciosa, agente viral, febre amarela",,NÃO,sim,sim,,sim,,,,,,,,,,,,,,,,,,,,,,,,,,
68,,,74815,5734954,,,,Norte,Sede-IF,"P.E. Albert Lofgren/ Horto Florestal - Rua do Horto, 931 - Horto Florestal - CEP: 02377-000 - São Paulo - SP",Roberto Carlos,"-23,4598158","-46,6361394",14:47,31/12/2017,05/01/2018,06/01/2018,Avançado,NÃO DETERMINADO,Não tem,Não tem,,Não,Não,Paulo/Marcio,Bugio-ruivo,Alouatta guariba clamitans,N/A,Não Informado,Não Informado,Sim,N/A,N/A,Estágio Avançado. Cheiro Forte Carniça. Enterrado!,,NÃO,NÃO,,NÃO,,,,,,,,,,,,,,,,,,,,,,,,,,,,,,
69,,,NÃO,NÃO,,,,,Sede-IF,,Roberto Carlos,#N/A,#N/A,10:20,31/12/2017,05/01/2018,05/01/2018,Avançado,NÃO DETERMINADO,Não Tem,Não Tem,,Não,Não,Luis Filipe,,Alouatta guariba clamitans,N/A,Não Informado,Não Informado,Não,N/A,N/A,Estágio Avançado. Cheiro Forte Carniça. Não deu Coleta!,,NÃO,NÃO,,NÃO,,,,,,,,,,,,,,,,,,,,,,,,,,,,,,
70,,,72262,5732719,,,,Norte,NA,"Avenida Tenente Julio Prado Neves, s/n - Tremembé - CEP: 02370-000 - São Paulo - SP",,"-23,4635875","-46,6220633",,desconhecida,10/10/2017,10/10/2017,,NEGATIVO,Negativo,Negativo (fígado),,,,,Bugio-ruivo,Alouatta guariba clamitans,N/A,,,,N/A,N/A,,,M.V. Thaís Sanches,"Traumatismo, suspeita",-,"Autólise, fratura exposta em MTD, laceração em pele, ruptura gástrica, conteúdo abdominal livre em cavidade",sim,sim,não enviado - ok,sim,,,,,,,,,,,,,,,,,,,,,,,,,,
71,,,72621,5732727,,,,Mairipora,NA,"Alameda dos Cardeais, 295 - Condominio Alpes da Cantareira - CEP: 07600-000 - Mairiporã - SP",,"-23,4172743","-46,6539609",,20/10/17,21/10/2017,21/10/2017,,NEGATIVO,Negativo,Negativo (fígado),,,,,Bugio-ruivo,Alouatta guariba clamitans,N/A,,,,N/A,N/A,,,M.V. Alice S. de Oliveira,"Traumatismo, predação",-,"Lesões perfurantes, fratura de costela",sim,sim,(não recebido?),sim,,,,,,,,,,,,,,,,,,,,,,,,,,
72,,,71769,5732728,,,,Norte,NA,"Rua do Horto, 931 - Horto Florestal - CEP: 023770-000 - São Paulo - SP - CONFIRMAR",,"-23,4581103","-46,6342609",,22/10/2017,26/09/2017,23/10/2017,,NEGATIVO,Negativo,Negativo,,,,,Sagui,Callithrix sp.,N/A,,,,N/A,N/A,CEP para o endereco 02377-010,,M.V. Alice S. de Oliveira,Eutanásia,-,Ausência de alterações,sim,sim,,sim,,,,,,,,,,,,,,,,,,,,,,,,,,
73,,,72729,5732734,,,,Norte,NA,"Estrada do Barrocada, 2700 - Sítio Barrocada - CEP: 02282-000 - São Paulo - SP",,"-23,4051282","-46,5756682",,desconhecida,26/10/2017,26/10/2017,,NEGATIVO,Negativo,Negativo,,,,,Bugio-ruivo,Alouatta guariba clamitans,N/A,,,,N/A,N/A,"acha so Estrada do Barrocada,  Sítio Barrocada (sem o numero) e CEP da para um lugar diferente e nao acha o cep original",,M.V. Thaís Sanches,"Traumatismo, indeterminado",-,"Fratura de vértebras coccígeas em região de base de cauda com laceração em tecido cutâneo e muscular, associado a miíase",sim,sim,sim,sim,,,,,,,,,,,,,,,,,,,,,,,,,,
74,,,72781,5732737,,,,Mairipora,NA,"Estrada Santa Inês, km 15 - CEP: 07600-000 - Mairiporã - SP",,"-23,4189989","-46,6655516",,28/10/2017,29/10/2017,29/10/2017,,NEGATIVO,Negativo,Negativo,,,,,Bugio-ruivo,Alouatta guariba clamitans,N/A,,,,N/A,N/A,"nao acha pelo km, cep diferente",,M.V. Marcello Schiavo Nardi,Inconclusiva,-,"Hematoma em região torácica, baço com bordos irregulares, encéfalo congesto",sim,sim,sim,sim,,,,,,,,,,,,,,,,,,,,,,,,,,
75,,,73140,4304004,,,,Norte,NA,"Avenida Nova Cantareira, 5771 - Vila Albertina - CEP: 02340-002 - São Paulo - SP",,"-23,4508046","-46,6164128",,10/11/2017,10/11/2017,10/11/2017,,NEGATIVO,Negativo,Negativo (fígado),,,,,Bugio-ruivo,Alouatta guariba clamitans,N/A,,,,N/A,N/A,"Av. Nova Cantareira, 5771 - Tucuruvi, São Paulo - SP, 02341-002,",,M.V. Luciana Martins Rodrigues Guerra,"Traumatismo, acidental, eletrocussão",-,"Lesões superficiais por queimadura, hemorragia pulmonar, esplenomegalia, palidez de coração e fígado, congestão de vasos intestinais e encéfalo.",sim,sim,sim,sim,,,,,,,,,,,,,,,,,,,,,,,,,,
76,,,73237,4304010,,,,Mairipora,NA,"Estrada da Roseira, s/n - Condominio Parque Imperial - CEP: 07600-000 - Mairiporã - SP",,"-23,3663779","-46,6125439",,14/11/2017,14/11/2017,14/11/2017,,NEGATIVO,Negativo,Negativo,,,,,Bugio-ruivo,Alouatta guariba clamitans,N/A,,,,N/A,N/A,"Estr. da Roseira - Mairiporã, SP, 07600-000, Brasil. nao acha o condominio",,M.V. Thaís Sanches,"Eutanásia, eletrocussão",-,"Lesões necrosantes e lacerativas em MTs, região abdominal e cauda, nefropatia",sim,sim,sim,sim,,,,,,,,,,,,,,,,,,,,,,,,,,
77,2505,Yes,73275,4304011,2191032F,,,Mairipora,NA,"Estrada Santa Inês, altura do no. 3000 (km 34) - CEP: 07600-000 - Mairiporã - SP",,"-23,4189989","-46,6655516",,16/11/2017,16/11/2017,16/11/2017,Íntegro (vivo_0 a 2 dias),POSITIVO,Positivo,Positivo,"7,00",,,,Bugio-ruivo,Alouatta guariba clamitans,N/A,,,,N/A,N/A,"nao acha pelo km, cep diferente",,M.V. Marcello Schiavo Nardi,"Infecciosa, viral, febre amarela",-,"Icterícia, hepatite",sim,sim,sim,sim,Sequenced,Sequenced,BC11,YFV_Lib02Rep_20220516,192519,4509.62,10223,9846,83.0832,Sequenced,24,"26,6",BC01,YFV_metagenomics_1,136409,493,48114,35.27,"1,522.87",94.8,10850,10850,99.908,99.908,-,JF912190.1
78,,,73276,4304011,,,,Mairipora,NA,"Estrada Santa Inês, altura do no. 3000 (km 34) - CEP: 07600-000 - Mairiporã - SP",,"-23,4189989","-46,6655516",,16/11/2017,16/11/2017,16/11/2017,,POSITIVO,Negativo,Positivo,,,,,Bugio-ruivo,Alouatta guariba clamitans,N/A,,,,N/A,N/A,"nao acha pelo km, cep diferente",,M.V. Eric Thal Brambila C. da Silva,Eutanásia,-,Ausência de alterações. Febre amarela.,sim,sim,sim,sim,,,,,,,,,,,,,,,,,,,,,,,,,,
79,,,73383,4304016,,,,Norte,NA,"Rua Cântarus, 73 - Tremembé - CEP: 02289-000 - São Paulo - SP",,"-23,4183528","-46,5822123",,20/11/2017,20/11/2017,20/11/2017,,NEGATIVO,Amostra inadequada- sem amostra figado,Negativo,,,,,Bugio-ruivo,Alouatta guariba clamitans,N/A,,,,N/A,N/A,pelo CEP da diferente,,M.V. Thaís Sanches,Eutanásia,-,"Líquido em cavidade abdominal, áreas de coloraçãpo vermelho-enegrecida no pulmão, secreção espumosa em traqueia",sim,sim,sim,sim,,,,,,,,,,,,,,,,,,,,,,,,,,
80,,,73490,4304018,,,,Norte,NA,"Estrada Clementina Cardoso da Silva, s/n - Sítio Botuquara - CEP: 02988-000 - São Paulo - SP",,"-23,4224643","-46,7211147",,desconhecida,22/11/2017,23/11/2017,,NÃO DETERMINADO,Sample_not_sent,Sample_not_sent,,,,,Bugio-ruivo,Alouatta guariba clamitans,N/A,,,,N/A,N/A,,,NÃO HÁ,NÃO DETERMINADA,-,-,não enviado - ok,não enviado - ok,não enviado - ok,sim,,,,,,,,,,,,,,,,,,,,,,,,,,
81,,,73553,4304020,,,,Mairipora,NA,"Estrada da Roseira, 780 - São Luiz - CEP: 07600-000 - Mairiporã - SP",,"-23,3668848","-46,6136934",,desconhecida,25/11/2017,26/11/2017,,POSITIVO,Positivo,Positivo,,,,,Bugio-ruivo,Alouatta guariba clamitans,N/A,,,,N/A,N/A,,,M.V. Thaís Sanches,"Infecciosa, agente viral, febre amarela",-,"Hepatopatia, nefropatia e pneumonia",sim,sim,,sim,,,,,,,,,,,,,,,,,,,,,,,,,,
82,,,73635,4304024,,,,Mairipora,NA,"Estrada da Roseira, altura 8000 - CEP: 07600-000 - Mairiporã - SP",,"-23,3663779","-46,6125439",,28/11/2017,28/11/2017,28/11/2017,,POSITIVO,Positivo,Positivo,,,,,Bugio-ruivo,Alouatta guariba clamitans,N/A,,,,N/A,N/A,"nao acho pela altura, Estr. da Roseira - Mairiporã, SP, 07600-000, Brasil",,M.V. Thaís Sanches,"Eutanásia, febre amarela",-,"Sangue em cavidade oral, fógado vinhoso com áreas amareladas entremeadas",sim,sim,,sim,,,,,,,,,,,,,,,,,,,,,,,,,,
83,,,73641,4304025,,,,Norte,NA,"Rua Kotinda, 1781 - Jardim Corizo - CEP: 02365-010 - São Paulo - SP",,"-23,4238981","-46,5811609",,desconhecida,28/11/2017,28/11/2017,,NEGATIVO,Negativo,Negativo,,,,,Bugio-ruivo,Alouatta guariba clamitans,N/A,,,,N/A,N/A,"R. Kotinda, 1781 - Furnas, São Paulo - SP, 02366-265",,M.V. Thaís Sanches,Indeterminada por autólise,-,Todos os órgãos friáveis - autólise,sim,sim,,sim,,,,,,,,,,,,,,,,,,,,,,,,,,
84,,,73650,4304026,,,,Norte,NA,"Rua Capitão José Aguirre Camargo, 400 - Tremembé - CEP: 02357-120 - São Paulo - SP",,"-23,4445678","-46,6101336",,28/11/2017,28/11/2017,28/11/2017,,NEGATIVO,Negativo,Negativo,,,,,Bugio-ruivo,Alouatta guariba clamitans,N/A,,,,N/A,N/A,"nao acha o cep R. Cap. José Aguirre Camargo, 400 - Tremembé, São Paulo",,M.V. Thaís Sanches,"Eutanásia, traumatismo, predação",-,"Hemorragia e edema pulmonar, hemorragia renal, hematomas em musculatura de região torácica e lombar",sim,sim,,sim,,,,,,,,,,,,,,,,,,,,,,,,,,
85,,,73671,4304027,,,,Mairipora,NA,"Estrada Abílio Barbosa Prado, 60 - Parque Petrópolis - CEP: 07600-000 - Mairiporã - SP",,"-23,3662185","-46,592896",,29/11/2017,29/11/2017,29/11/2017,,NEGATIVO,Negativo,Negativo,,,,,Bugio-ruivo,Alouatta guariba clamitans,N/A,,,,N/A,N/A,"nao acha pelo numero, Estr. Abílio Barbosa Do Prado - Mairiporã, SP, 07600-000, Brasil",,M.V. Thaís Sanches,Eutanásia,-,"Congestão discreta de encéfalo, áreas avermelhadas em lobos pulmonares, palidez em região medular renal",sim,sim,,sim,,,,,,,,,,,,,,,,,,,,,,,,,,
86,,,73672,4304027,,,,Mairipora,NA,"Estrada Abílio Barbosa Prado, 60 - Parque Petrópolis - CEP: 07600-000 - Mairiporã - SP",,"-23,3662185","-46,592896",,29/11/2017,29/11/2017,29/11/2017,,NEGATIVO,Negativo,Negativo (fígado),,,,,Bugio-ruivo,Alouatta guariba clamitans,N/A,,,,N/A,N/A,"nao acha pelo numero, Estr. Abílio Barbosa Do Prado - Mairiporã, SP, 07600-000, Brasil",,M.V. Thaís Sanches,Eutanásia,-,Ausência de alterações,sim,sim,,sim,,,,,,,,,,,,,,,,,,,,,,,,,,
87,2457,,73781,4304032,2192752K,,,Norte,NA,"Rua Antonieta Del Picchia, 246 - Jardim Ibiratiba - CEP: 02359-010 - São Paulo - SP",,"-23,448098","-46,6199025",,desconhecida,03/12/2017,03/12/2017,,POSITIVO,Positivo,Positivo,"9,48",,,,Bugio-ruivo,Alouatta guariba clamitans,N/A,,,,N/A,N/A,,,M.V. Eric Thal Brambila C. da Silva,"Infecciosa, agente viral, febre amarela",-,"Efusão ascítica, efusão pericárdica, lesões pumonares, hepatopatia",sim,sim,sim,sim,Sequenced,Sequenced,BC01,YFV_Lib02Rep_20220516,119279,2816.48,10224,10025,86.2602,Sequenced,14,"50,8",BC14,YFV_metagenomics_2,"347,015",512,"120,679",34.776,"4,756.52",95.6,10847,10847,99.889,99.889,-,JF912190.1
88,2508,,73809,4304033,2193123E,,,Norte,NA,"P.E. Cantareira - Rua do Horto, 1799 - Horto Florestal - CEP: 02377-000 - São Paulo - SP",,"-23,4542863","-46,6360281",,desconhecida,05/12/2017,05/12/2017,,POSITIVO,Positivo,Positivo,10,,,,Bugio-ruivo,Alouatta guariba clamitans,N/A,,,,N/A,N/A,"Parque Estadual Cantareira - Núcleo Pedra Grande - R. do Horto, 1799 - Horto Florestal, São Paulo - SP, 02377-000, Brasil",,M.V. Thaís Sanches,"Infecciosa, agente viral, febre amarela",-,"Hepatiopatia, nefropatia, hepatização pulmonar",sim,sim,sim,sim,Sequenced,Sequenced,BC01,YFV_horto,14587,677.537,10221,9804,80.0995,Sequenced,1,"43,6",BC01,YFV_metagenomics_2,"251,799",477,"34,505",13.703,"1,473.47",95.4,10849,10847,99.908,99.889,-,JF912190.1
89,2510,,73810,4304034,2193127A,,,Norte,NA,"Rua Antonieta Del Picchia, 246 - Jardim Ibiratiba - CEP: 02359-010 - São Paulo - SP",,"-23,448098","-46,6199025",,desconhecida,05/12/2017,05/12/2017,,POSITIVO,Inadequado,Positivo,11,,,,Bugio-ruivo,Alouatta guariba clamitans,N/A,,,,N/A,N/A,,,M.V. Thaís Sanches,"Infecciosa, agente viral, febre amarela",-,"Hepatopatia, áreas avermelhadas em lobos pulmonares, efusão abdominal",sim,sim,sim,sim,Sequenced,Sequenced,BC02,YFV_horto,42083,1737,10232,10231,86.5089,Sequenced,2,44,BC02,YFV_metagenomics_2,"454,728",509,"82,792",18.207,"3,227.89",95.4,10847,10847,99.889,99.889,-,JF912190.1
90,,,73816,4304036,,,,Norte,NA,"Rua Antonieta Del Picchia, 246 - Jardim Ibiratiba - CEP: 02359-010 - São Paulo - SP",,"-23,448098","-46,6199025",,desconhecida,05/12/2017,05/12/2017,,POSITIVO,Positivo,Positivo,,,,,Bugio-ruivo,Alouatta guariba clamitans,N/A,,,,N/A,N/A,,,M.V. Thaís Sanches,"Infecciosa, agente viral, Febre amarela",-,"Hepatopatia, nefropatia, congestão pulmonar",sim,sim,sim,sim,,,,,,,,,,,,,,,,,,,,,,,,,,
91,,,73820,4304037,,,,Norte,NA,"R. Mateus García, 2000 - Vila Irmaos Arnoni - CEP: 02374-000 - São Paulo - SP",,"-23,4545195","-46,6235704",,desconhecida,05/12/2017,05/12/2017,,POSITIVO,Positivo,Positivo,,,,,Bugio-ruivo,Alouatta guariba clamitans,N/A,,,,N/A,N/A,,,M.V. Luciana Martins Rodrigues Guerra,"Infecciosa, agente viral, Febre amarela",-,"Palidez generalizada, hemoperitônio, hepatopatia e esplenomegalia",sim,sim,sim,sim,,,,,,,,,,,,,,,,,,,,,,,,,,
92,,,73821,4304037,,,,Norte,NA,"R. Mateus García, 2000 - Vila Irmaos Arnoni - CEP: 02374-000 - São Paulo - SP",,"-23,4545195","-46,6235704",,05/12/2017,05/12/2017,05/12/2017,,POSITIVO,Positivo,Positivo,,,,,Bugio-ruivo,Alouatta guariba clamitans,N/A,,,,N/A,N/A,,,M.V. Thaís Sanches,"Eutanásia, infecciosa, febre amarela",X,"Palidez hepática, coágulo sanguíneo livre em calota craniana, cerebelo intensamente congesto, encéfalo congesto",sim,sim,sim,sim,,,,,,,,,,,,,,,,,,,,,,,,,,
93,2513,,73840,4304038,2193456C,,,Norte,NA,"Avenida Coronel Sezefredo Fagundes, 14227 - Jardim das Pedras - CEP: 02368-000 - São Paulo - SP",,"-23,4161991","-46,5845585",,05/12/2017,05/12/2017,05/12/2017,,POSITIVO,Positivo,Positivo,10,,,,Bugio-ruivo,Alouatta guariba clamitans,N/A,,,,N/A,N/A,"CEP errado Av. Cel. Sezefredo Fagundes, 14227 - Jardim das Pedras, São Paulo - SP, 02367-075, Brasil",,M.V. Alice S. de Olveira,"Infecciosa, agente viral, Febre amarela",-,"Congestão e edema pulmonar, miocárdio pálido, com coágulos, palidez hepática e renal, com áreas amareladas",sim,sim,sim,sim,Sequenced,Sequenced,BC03,YFV_horto,5822,269.839,10039,8449,69.4355,Sequenced,3,"57,8",BC03,YFV_metagenomics_2,"239,597",524,"47,888",19.987,"2,019.08",95.5,10849,10849,99.908,99.908,-,JF912190.1
94,2701,,73888,4304039,,,,Norte,NA,"Rua Manoel Moraes Pontes, 649 - Vila Albertina - CEP: 02373-000 - São Paulo - SP",,"-23,4520161","-46,6192767",,desconhecida,07/12/2017,07/12/2017,,POSITIVO,Negativo,Positivo,missing,,,,Bugio-ruivo,Alouatta guariba clamitans,N/A,,,,N/A,N/A,,,M.V. Thaís Sanches,"Traumatismo, eletrocussão - suspeita",-,Pelame chamuscado,sim,sim,sim,sim,Sequenced,Sequenced,BC08,YFV_horto,140742,3184.05,8800,8789,70.3288,Sequenced,8,"34,2",BC08,YFV_metagenomics_2,"484,365",529,"7,601",1.569,308.576,95.4,10846,10846,99.880,99.880,-,JF912190.1
95,,,73889,4304040,,,,Norte,NA,"Rua Antonieta Del Picchia, 246 - Jardim Ibiratiba - CEP: 02359-010 - São Paulo - SP",,"-23,448098","-46,6199025",,desconhecida,07/12/2017,07/12/2017,,POSITIVO,Positivo,Positivo,,,,,Bugio-ruivo,Alouatta guariba clamitans,N/A,,,,N/A,N/A,,,M.V. Thaís Sanches,"Infecciosa, agente viral, febre amarela",-,Autólise avançada,sim,sim,,sim,,,,,,,,,,,,,,,,,,,,,,,,,,
96,,,73941,4304042,,,,Norte,NA,"Rua Antonieta Del Picchia, 246 - Jardim Ibiratiba - CEP: 02359-010 - São Paulo - SP",,"-23,448098","-46,6199025",,desconhecida,08/12/2017,08/12/2017,,POSITIVO,Positivo,Positivo,,,,,Bugio-ruivo,Alouatta guariba clamitans,N/A,,,,N/A,N/A,,,M.V. Thaís Sanches,"Infecciosa, viral, febre amarela",-,"Hepatopatia, múltiplas fissuras hepáticas, coágulos e líquido sanguinolento livres em cavidade abdominal, efusão pericárdica, palidez renal",sim,sim,sim,sim,,,,,,,,,,,,,,,,,,,,,,,,,,
97,2691,,73942,4304042,2194005H,,,Norte,NA,"Rua Antonieta Del Picchia, 246 - Jardim Ibiratiba - CEP: 02359-010 - São Paulo - SP",,"-23,448098","-46,6199025",,desconhecida,08/12/2017,08/12/2017,,POSITIVO,Positivo,Positivo,"11,28",,,,Bugio-ruivo,Alouatta guariba clamitans,N/A,,,,N/A,N/A,,,M.V. Thaís Sanches,"Traumatismo, febre amarela",X,"Coágulos livres em cavidade abdominal, aderidos em superfície hepática e em cavidade torácica, fratura de calota craniana, hematomas em musculatura de região torácica, hepato e nefropatia",sim,sim,sim,sim,Sequenced,Sequenced,BC09,YFV_Lib02Rep_20220516,82444,2628.97,10052,9954,83.562,Sequenced,22,40,BC22,YFV_metagenomics_2,"484,434",530,"88,869",18.345,"3,396.72",95.4,10849,10849,99.908,99.908,-,JF912190.1
98,,,73943,4304042,,,,Norte,NA,"Rua Antonieta Del Picchia, 246 - Jardim Ibiratiba - CEP: 02359-010 - São Paulo - SP",,"-23,448098","-46,6199025",,desconhecida,08/12/2017,08/12/2017,,POSITIVO,Positivo,Positivo,,,,,Bugio-ruivo,Alouatta guariba clamitans,N/A,,,,N/A,N/A,,,M.V. Marcello Schiavo Nardi,"Infecciosa, viral, febre amarela",-,Hepatopatia,sim,sim,sim,sim,,,,,,,,,,,,,,,,,,,,,,,,,,
99,,,73944,4304042,,,,Norte,NA,"Rua Antonieta Del Picchia, 246 - Jardim Ibiratiba - CEP: 02359-010 - São Paulo - SP",,"-23,448098","-46,6199025",,desconhecida,08/12/2017,08/12/2017,,NÃO DETERMINADO,Sample_not_sent,Sample_not_sent,,,,,Bugio-ruivo,Alouatta guariba clamitans,N/A,,,,N/A,N/A,,,M.V. Thaís Sanches,Indeterminada por autólise,-,Autólise avançada,não enviado - ok,não enviado - ok,,sim,,,,,,,,,,,,,,,,,,,,,,,,,,
100,,,73945,4304042,,,,Norte,NA,"Rua Antonieta Del Picchia, 246 - Jardim Ibiratiba - CEP: 02359-010 - São Paulo - SP",,"-23,448098","-46,6199025",,desconhecida,08/12/2017,08/12/2017,,NÃO DETERMINADO,Sample_not_sent,Sample_not_sent,,,,,Bugio-ruivo,Alouatta guariba clamitans,N/A,,,,N/A,N/A,,,M.V. Thaís Sanches,Indeterminada por autólise,-,Autólise avançada,não enviado - ok,não enviado - ok,,sim,,,,,,,,,,,,,,,,,,,,,,,,,,
101,,,73946,4304043,,,,Mairipora,NA,"P.E. da Cantareira - Núcleo Águas Claras - Av. Senador José Erminio de Morais, s/n - CEP: 02357-000 - Mairiporã - SP",,"-23,4214045","-46,6215058",,desconhecida,08/12/2017,08/12/2017,,POSITIVO,Positivo,Positivo,,,,,Bugio-ruivo,Alouatta guariba clamitans,N/A,,,,N/A,N/A,"CEP errado Parque Estadual Cantareira - Núcleo Águas Claras - Av. Sen. José Ermírio de Moraes, s/n - Sítio Barrocada, Mairiporã - SP, 07600-000, Brasil",,M.V. Eric Thal Brambila C. da Silva,"Infecciosa, viral, febre amarela",-,"Edema pulmonar, hidropericárdio, icterícia, palidez de miocárdio e rins",sim,sim,sim,sim,,,,,,,,,,,,,,,,,,,,,,,,,,
102,,,73947,4304044,,,,Norte,NA,"P.E. da Cantareira - Núcleo Pedra Grande - Rua do Horto, 1799- Horto Florestal - CEP: 02377-000 - São Paulo - SP",,"-23,4542863","-46,6360281",,desconhecida,08/12/2017,08/12/2017,,NEGATIVO,Negativo,Negativo (fígado),,,,,Bugio-ruivo,Alouatta guariba clamitans,N/A,,,,N/A,N/A,"Parque Estadual Cantareira - Núcleo Pedra Grande - R. do Horto, 1799 - Horto Florestal, São Paulo - SP, 02377-000, Brasil",,M.V. Marcello Schiavo Nardi,"Traumatismo, indeterminado",X,Trauma craniano e amputação de mão esquerda,sim,sim,sim,sim,,,,,,,,,,,,,,,,,,,,,,,,,,
103,2682,,73987,4304046,2194536K,,,Norte,NA,"Rua Gervasio Leite Rebelo, 1073 - Jardim Peri Alto - CEP: 02675-050 - São Paulo - SP",,"-23,4533649","-46,6709301",,desconhecida,11/12/2017,11/12/2017,,POSITIVO,Positivo,Positivo,14,,,,Bugio-ruivo,Alouatta guariba clamitans,N/A,,,,N/A,N/A,,,M.V. Thaís Sanches,"Infecciosa, agente viral, febre amarela",-,"Hepatopatia, nefropatia, esplenomegalia, edema pulmonar intenso, ascite e efusão pericárdica",sim,sim,sim,sim,Sequenced,Sequenced,BC07,YFV_Lib02Rep_20220516,78729,2838.26,10225,10218,89.336,Sequenced,6,"40,8",BC06,YFV_metagenomics_2,"522,481",565,"68,992",13.205,"3,126.91",95.4,10847,10847,99.889,99.889,-,JF912190.1
104,2708,,73988,4304047,2194538I,,,Norte,NA,"P.E. da Cantareira - Núcleo Pedra Grande - Rua do Horto, 1799- Horto Florestal - CEP: 02377-000 - São Paulo - SP",,"-23,4542863","-46,6360281",,desconhecida,11/12/2017,11/12/2017,,POSITIVO,Positivo,Positivo,10,,,,Bugio-ruivo,Alouatta guariba clamitans,N/A,,,,N/A,N/A,"Parque Estadual Cantareira - Núcleo Pedra Grande - R. do Horto, 1799 - Horto Florestal, São Paulo - SP, 02377-000, Brasil",,M.V. Thaís Sanches,"Infecciosa, agente viral, febre amarela",-,"Hemoperitônio, coágulos livres em cavidade abdominal, hepatopatia e nefropatia",sim,sim,sim,sim,Sequenced,Sequenced,BC09,YFV_horto,30504,1401.84,10218,10214,85.9563,Sequenced,9,48,BC09,YFV_metagenomics_2,"330,242",558,"75,341",22.814,"3,240.89",95.4,10847,10847,99.889,99.889,-,JF912190.1
105,,,73979,4304049,,,,Norte,NA,"Rua Artur Sievers, 370 - Jardim Ibiratiba- CEP: 02359-000 - - São Paulo - SP",,"-23,4480666","-46,6185899",,desconhecida,11/12/2017,11/12/2017,,POSITIVO,Positivo,Positivo,,,,,Bugio-ruivo,Alouatta guariba clamitans,N/A,,,,N/A,N/A,,,M.V. Marcello Schiavo Nardi,"Infecciosa, agente viral, febre amarela",-,"Hepatopatia, nefropatia, hidropericárdio",sim,sim,sim,sim,,,,,,,,,,,,,,,,,,,,,,,,,,
106,2681,,74016,4304050,2194544J,,,Norte,NA,"P.E. da Cantareira - Núcleo Pedra Grande - Rua do Horto, 1799- Horto Florestal - CEP: 02377-000 - São Paulo - SP",,"-23,4542863","-46,6360281",,desconhecida,11/12/2017,11/12/2017,,POSITIVO,Inadequado,Positivo,13,,,,Bugio-ruivo,Alouatta guariba clamitans,N/A,,,,N/A,N/A,"Parque Estadual Cantareira - Núcleo Pedra Grande - R. do Horto, 1799 - Horto Florestal, São Paulo - SP, 02377-000, Brasil",,M.V. Thaís Sanches,"Infecciosa, agente viral, febre amarela",-,"Hepatopatia, nefropatia, efusão pleural e pericárdica",sim,sim,,sim,Sequenced,Sequenced,BC05,YFV_horto,27460,1254.72,10227,10208,86.03,Sequenced,5,48,BC05,YFV_metagenomics_2,"511,264",472,"39,921",7.808,"1,880.77",95.4,10849,10849,99.908,99.908,-,JF912190.1
107,2702,,74071,4304051,,,,Norte,NA,"P.E. da Cantareira - Núcleo Pedra Grande - Rua do Horto, 1799- Horto Florestal - CEP: 02377-000 - São Paulo - SP",,"-23,4542863","-46,6360281",,desconhecida,12/12/2017,12/12/2017,,POSITIVO,Positivo,Positivo,"11,33",,,,Bugio-ruivo,Alouatta guariba clamitans,N/A,,,,N/A,N/A,"Parque Estadual Cantareira - Núcleo Pedra Grande - R. do Horto, 1799 - Horto Florestal, São Paulo - SP, 02377-000, Brasil",,M.V. Thaís Sanches,"Infecciosa, agente viral, febre amarela",-,"Hepatopatia, nefropatia, enterite hemorrágica, congestão pulmonar",sim,sim,,sim,Sequenced,Sequenced,BC23,YFV_Lib02Rep_20220516,72129,2335.22,10228,10220,87.6324,Sequenced,36,"55,4",BC13,YFV_metagenomics_1,101153,571,11952,11.82,533.049,94.8,10847,10846,99.880,99.871,-,JF912190.1
108,,,74077,4304051,,,,Norte,NA,"P.E. da Cantareira - Núcleo Pedra Grande - Rua do Horto, 1799- Horto Florestal - CEP: 02377-000 - São Paulo - SP",,"-23,4542863","-46,6360281",,desconhecida,12/12/2017,12/12/2017,,NÃO DETERMINADO,Sample_not_sent,Sample_not_sent,,,,,Bugio-ruivo,Alouatta guariba clamitans,N/A,,,,N/A,N/A,"Parque Estadual Cantareira - Núcleo Pedra Grande - R. do Horto, 1799 - Horto Florestal, São Paulo - SP, 02377-000, Brasil",,,,,,não enviado - ok,não enviado - ok,,,,,,,,,,,,,,,,,,,,,,,,,,,,
109,2710,,74113,4304053,2195085A,,,Norte,NA,"P.E. da Cantareira - Núcleo Pedra Grande - Rua do Horto, 1799- Horto Florestal - CEP: 02377-000 - São Paulo - SP",,"-23,4542863","-46,6360281",,desconhecida,14/12/2017,14/12/2017,Íntegro (vivo _0 a 2 dias),POSITIVO,Positivo,Positivo,8,,,,Bugio-ruivo,Alouatta guariba clamitans,N/A,,,,N/A,N/A,"Parque Estadual Cantareira - Núcleo Pedra Grande - R. do Horto, 1799 - Horto Florestal, São Paulo - SP, 02377-000, Brasil",,M.V. Thaís Sanches,"Infecciosa, agente viral, febre amarela",-,"Hepatopatia, nefropatia, efusão abdominal, efusão pericárdica e enterite hemorrágica",sim,sim,,sim,Sequenced,Sequenced,BC10,YFV_horto,10829,507.247,9942,9013,74.1228,Sequenced,10,"48,2",BC10,YFV_metagenomics_2,"309,212",579,"29,184",9.438,"1,385.73",95.3,10849,10849,99.908,99.908,-,JF912190.1
110,2678,,74114,4304053,2195085A,,,Norte,NA,"P.E. da Cantareira - Núcleo Pedra Grande - Rua do Horto, 1799- Horto Florestal - CEP: 02377-000 - São Paulo - SP",,"-23,4542863","-46,6360281",,desconhecida,14/12/2017,14/12/2017,,POSITIVO,Positivo,Positivo,"14,13",,,,Bugio-ruivo,Alouatta guariba clamitans,N/A,,,,N/A,N/A,"Parque Estadual Cantareira - Núcleo Pedra Grande - R. do Horto, 1799 - Horto Florestal, São Paulo - SP, 02377-000, Brasil",,M.V. Marcello Schiavo Nardi,"Infecciosa, agente viral, febre amarela",X,"Hepatopatia, enterite grave, trauma crânio-encefálico",sim,sim,,sim,Sequenced,Sequenced,BC17,YFV_Lib02Rep_20220516,324115,4614.54,10227,10207,86.3155,Sequenced,30,42,BC07,YFV_metagenomics_1,94539,522,17626,18.64,608.826,94.8,10849,10849,99.899,99.899,-,JF912190.1
111,2680,,74115,4304054,2195088I,,,Norte,NA,"Rua Clovis Salgado, 220 - Jardim das Pedras - CEP: 02367-000 - São Paulo - SP",,"-23,4191513","-46,5903346",,desconhecida,14/12/2017,14/12/2017,,POSITIVO,Positivo,Positivo,"9,60",,,,Bugio-ruivo,Alouatta guariba clamitans,N/A,,,,N/A,N/A,,,M.V. Thaís Sanches,"Infecciosa, agente viral, febre amarela",-,"Hepatopatia, nefropatia, efusão pleural e pericárdica",sim,sim,,sim,Sequenced,Sequenced,BC06,YFV_Lib02Rep_20220516,62639,2056.41,10200,9937,82.4201,Sequenced,19,"59,4",BC19,YFV_metagenomics_2,"373,188",585,"162,990",43.675,"6,251.17",95.5,10849,10849,99.908,99.908,-,JF912190.1
112,2677,,74141,4304056,2195379J,,,Norte,NA,"P.E. da Cantareira - Núcleo Pedra Grande - Rua do Horto, 1799- Horto Florestal - CEP: 02377-000 - São Paulo - SP",,"-23,4542863","-46,6360281",,desconhecida,14/12/2017,14/12/2017,Íntegro (vivo_0 a 2 dias),POSITIVO,Positivo,Positivo,"7,94",,,,Bugio-ruivo,Alouatta guariba clamitans,N/A,,,,N/A,N/A,"Parque Estadual Cantareira - Núcleo Pedra Grande - R. do Horto, 1799 - Horto Florestal, São Paulo - SP, 02377-000, Brasil",,M.V. Thaís Sanches,"Infecciosa, agente viral, febre amarela",-,"Palidez e fissuras hepáticas, líquido sanguinolento e coágulos livres em cavidade abdominal, esplenomegalia, palidez renal e efusão pericárdica",sim,sim,,sim,Sequenced,Sequenced,BC16,YFV_Lib02Rep_20220516,101043,2986.2,10145,9961,83.1568,Sequenced,29,41,BC06,YFV_metagenomics_1,75263,535,13808,18.35,484.934,94.9,10849,10849,99.899,99.899,-,JF912190.1
113,2676,,74150,4304057,2195381D,,,Norte,NA,"Avenida Deputado Cantídio Sampaio, 4595 - Vila Souza - CEP: 02860-001 - São Paulo - SP",,"-23,4461853","-46,7052696",,14/12/2017,15/12/2017,15/12/2017,,POSITIVO,Positivo,Positivo,"11,48",,,,Bugio-ruivo,Alouatta guariba clamitans,N/A,,,,N/A,N/A,"CEP errado. Av. Dep. Cantídio Sampaio, 4595 - Vila Souza, São Paulo - SP, 02855-035, Brasil",,M.V. Thaís Sanches,"Infecciosa, agente viral, febre amarela",-,"Hepatopatia, nefropatia, hemorragia pulmonar",sim,sim,,sim,Sequenced,Sequenced,BC05,YFV_Lib02Rep_20220516,87141,2629.27,10224,10043,84.1606,Sequenced,18,"48,2",BC18,YFV_metagenomics_2,"257,570",521,"39,011",15.146,"1,724.28",95.5,10847,10847,99.889,99.889,-,JF912190.1
114,2683,,74167,4304058,2195563K,,,Norte,NA,"Avenida Nova Cantareira, 6699 - Jardim Ibiratiba - CEP: 02341-002 - São Paulo - SP",,"-23,4461714","-46,6176563",,desconhecida,15/12/2017,15/12/2017,,POSITIVO,Positivo,Positivo,"8,65",,,,Bugio-ruivo,Alouatta guariba clamitans,N/A,,,,N/A,N/A,"Av. Nova Cantareira, 6699 - Tucuruvi, São Paulo - SP, 02341-002, Brasil",,M.V. Luciana Martins Rodrigues Guerra,"Traumatismo, acidental, eletrocussão",-,"Lacerações superficiais em membro e face, hemorragia abdominal, palidez hepática. Febre amarela.",sim,sim,,sim,Sequenced,Sequenced,BC18,YFV_Lib02Rep_20220516,204704,4217.26,10231,10213,86.8312,Sequenced,31,"35,8",BC08,YFV_metagenomics_1,48873,442,5942,12.16,206.696,94.8,10847,10682,99.880,98.361,-,JF912190.1
115,2668,YES,74193,4304060,2195570K,,,Norte,NA,Praça Lions Club Tremembé - Vila Albertina - CEP: 02373-060 - São Paulo - SP,,"23,4517279","-46,6184316",,desconhecida,16/12/2017,16/12/2017,,POSITIVO,Positivo,Positivo,"7,26",,,,Bugio-ruivo,Alouatta guariba clamitans,N/A,,,,N/A,N/A,"Praça Lions Clube Tremembé - R. Maestro Pedro Jatobá - Vila Albertina, São Paulo - SP, 02373-060, Brasil",,M.V. Eric Thal Brambila C. da Silva,"Infecciosa, agente viral, febre amarela",-,"Hemoperitônio, hidropericárdio, hepatopatia, hemorragia pulmonar",sim,sim,,sim,Sequenced,Sequenced,BC12,YFV_Lib02Rep_20220516,69512,2229.11,10243,10026,84.0041,Sequenced,25,62,BC02,YFV_metagenomics_1,69433,497,24286,34.98,847.581,94.8,10848,10847,99.890,99.880,-,JF912190.1
116,2669,,74194,4304060,2195572I,,,Norte,NA,Praça Lions Club Tremembé - Vila Albertina - CEP: 02373-060 - São Paulo - SP,,"23,4517279","-46,6184316",,desconhecida,16/12/2017,16/12/2017,Íntegro (vivo_0 a 2 dias),POSITIVO,Positivo,Positivo,"7,10",,,,Bugio-ruivo,Alouatta guariba clamitans,N/A,,,,N/A,N/A,"Praça Lions Clube Tremembé - R. Maestro Pedro Jatobá - Vila Albertina, São Paulo - SP, 02373-060, Brasil",,M.V. Thaís Sanches,"Infecciosa, agente viral, febre amarela",-,"Efusão pericárdica, abdominal e torácica, lobos hepáticos amarelados, hemorragia pulmonar, esplenomegalia",sim,sim,não enviado - ok,sim,Sequenced,Sequenced,BC13,YFV_Lib02Rep_20220516,144183,3623.42,10224,10086,86.3984,Sequenced,26,"43,2",BC03,YFV_metagenomics_1,33774,521,13820,40.92,479.389,94.9,10847,10847,99.880,99.880,-,JF912190.1
117,2670,,74195,4304060,2195574G,,,Norte,NA,Praça Lions Club Tremembé - Vila Albertina - CEP: 02373-060 - São Paulo - SP,,"23,4517279","-46,6184316",,16/12/2017,16/12/2017,16/12/2017,Íntegro (vivo_0 a 2 dias),POSITIVO,Positivo,Positivo,"5,57",,,,Bugio-ruivo,Alouatta guariba clamitans,N/A,,,,N/A,N/A,"Praça Lions Clube Tremembé - R. Maestro Pedro Jatobá - Vila Albertina, São Paulo - SP, 02373-060, Brasil",,M.V. Thaís Sanches,"Infecciosa, agente viral, febre amarela",-,"Autólise de vários órgãos, palidez hepática e renal, hemoperitônio",sim,sim,,sim,Sequenced,Sequenced,BC14,YFV_Lib02Rep_20220516,63636,2226.96,10152,9967,83.3963,Sequenced,27,"42,2",BC04,YFV_metagenomics_1,90213,503,36640,40.61,"1,122.67",94.9,10850,10849,99.908,99.899,-,JF912190.1
118,2673,,74203,4304061,,,,Norte,NA,"Avenida Deputado Cantídio Sampaio, 5686 - Vila Ana Rosa - CEP: 02857-000 - São Paulo - SP",,"-23,4381956","-46,7092847",,desconhecida,17/12/2017,17/12/2017,,POSITIVO,Positivo,Positivo,"11,55",,,,Bugio-ruivo,Alouatta guariba clamitans,N/A,,,,N/A,N/A,"CEP nao acha Av. Dep. Cantídio Sampaio, 5686 - Vila Nova Parada, São Paulo - SP, 02675-031, Brasil",,,"Infecciosa, agente viral, febre amarela",,"Hepatopatia, líquido livre em cavidade abdominal, rins heterogêneos, colecistite",sim,sim,,sim,Sequenced,Sequenced,BC02,YFV_Lib02Rep_20220516,89797,2518.19,10218,9863,84.6947,Sequenced,15,"49,2",BC15,YFV_metagenomics_2,"268,706",490,"33,408",12.433,"1,400.24",95.6,10849,10849,99.908,99.908,-,JF912190.1
119,2674,,74204,4304061,,,,Norte,NA,"Avenida Deputado Cantídio Sampaio, 5686 - Vila Ana Rosa - CEP: 02857-000 - São Paulo - SP",,"-23,4381956","-46,7092847",,desconhecida,17/12/2017,17/12/2017,,POSITIVO,Positivo,Positivo,"10,10",,,,Bugio-ruivo,Alouatta guariba clamitans,N/A,,,,N/A,N/A,"CEP nao acha Av. Dep. Cantídio Sampaio, 5686 - Vila Nova Parada, São Paulo - SP, 02675-031, Brasil",,M.V. Thaís Sanches,"Infecciosa, agente viral, febre amarela",-,"Hepatopatia, nefropatia, áreas de coloração avermelhada em mucosa de intestino grosso",sim,sim,,sim,Sequenced,Sequenced,BC03,YFV_Lib02Rep_20220516,59706,1996.49,10224,10009,86.6654,Sequenced,16,"56,4",BC16,YFV_metagenomics_2,"302,435",517,"70,310",23.248,"2,960.26",95.5,10849,10849,99.908,99.908,-,JF912190.1
120,2671,,72210,4304062,2195593B,,,Norte,NA,"Avenida Nova Cantareira, 6370 - Tucuruvi - CEP: 02340-002 - São Paulo - SP",,"-23,4476865","-46,6163571",,desconhecida,17/12/2017,17/12/2017,,POSITIVO,Positivo,Positivo,"7,18",,,,Bugio-ruivo,Alouatta guariba clamitans,N/A,,,,N/A,N/A,,,M.V. Eric Thal Brambila C. da Silva,"Infecciosa, agente viral, febre amarela",-,"Hepatopatia, hemorragia pulmonar, esplenomegalia, autólise.",sim,sim,,sim,Sequenced,Sequenced,BC15,YFV_Lib02Rep_20220516,2129,99.9245,8171,6818,51.4412,Sequenced,28,49,BC05,YFV_metagenomics_1,93556,458,7100,7.59,277.414,95,10847,10845,99.880,99.862,-,JF912190.1
121,2672,,74211,4304062,2195578C,,,Norte,NA,"Avenida Nova Cantareira, 6370 - Tucuruvi - CEP: 02340-002 - São Paulo - SP",,"-23,4476865","-46,6163571",,desconhecida,17/12/2017,17/12/2017,,POSITIVO,Positivo,Positivo,13,,,,Bugio-ruivo,Alouatta guariba clamitans,N/A,,,,N/A,N/A,,,M.V. Thaís Sanches,"Infecciosa, agente viral, febre amarela",-,Hepato e nefropatia,sim,sim,,sim,Sequenced,Sequenced,BC04,YFV_horto,31995,1302.05,10234,10232,86.3523,Sequenced,4,55,BC04,YFV_metagenomics_2,"393,533",532,"40,746",10.354,"1,798.36",95.4,10849,10849,99.908,99.908,-,JF912190.1
122,2675,,74228,4304064,2195585C,,,Norte,NA,"Avenida Senador José Ermírio de Moraes, 1250 - Tremembé - CEP: 02357-002 - São Paulo - SP",,"-23,4450952","-46,6131346",,desconhecida,18/12/2017,18/12/2017,,POSITIVO,Positivo,Positivo,"9,43",,,,Bugio-ruivo,Alouatta guariba clamitans,N/A,,,,N/A,N/A,,,M.V. Marcello Schiavo Nardi,"Infecciosa, agente viral, febre amarela",-,"Hepatopatia, ascite, hidropericárdio, esplenomegalia",sim,sim,,sim,Sequenced,Sequenced,BC04,YFV_Lib02Rep_20220516,97682,2561.99,10222,10023,85.5972,Sequenced,17,"51,8",BC17,YFV_metagenomics_2,"253,456",520,"92,692",36.571,"3,605.74",95.5,10849,10849,99.908,99.908,-,JF912190.1
123,2779,,74229,5734913,2195833H,,,Norte,NA,"Avenida Senador José Ermírio de Moraes, 1250 - Tremembé - CEP: 02357-002 - São Paulo - SP",,"-23,4450952","-46,6131346",,18/12/2017,18/12/2017,19/12/2017,,POSITIVO,inconclusiva,Positivo,"16,82",,,,Bugio-ruivo,Alouatta guariba clamitans,N/A,,,,N/A,N/A,,,M.V. Thaís Sanches,"Eutanásia, febre amarela",-,"Pulmões, rins e fígado sangrantes ao corte, discreta palidez de medula renal",sim,sim,,sim,Sequenced,Sequenced,BC30,YFV_Lib02Rep_20220516,322474,4492.1,10215,9738,82.7793,Sequenced,43,"28,8",BC20,YFV_metagenomics_1,124195,538,253,0.20,8.12,93.8,1959,546,18.039,5.028,-,JF912190.1
124,,,74142,5734914,,,,Norte,NA,"P.E. da Cantareira - Núcleo Pedra Grande - Rua do Horto, 1799- Horto Florestal - CEP: 02377-000 - São Paulo - SP",,"-23,4542863","-46,6360281",,19/12/2017,19/12/2017,19/12/2017,,POSITIVO,Positivo,Positivo,,,,,Bugio-ruivo,Alouatta guariba clamitans,N/A,,,,N/A,N/A,"Parque Estadual Cantareira - Núcleo Pedra Grande - R. do Horto, 1799 - Horto Florestal, São Paulo - SP, 02377-000, Brasil",,M.V. Thaís Sanches,"Infecciosa, agente viral, febre amarela",-,Hepatpatia,sim,sim,,sim,,,,,,,,,,,,,,,,,,,,,,,,,,
125,,,74287,5734916,,,,Norte,NA,"Rua Elcio Mazzei, 26 - Santana - CEP: 02408-140 - São Paulo - SP",,"-23,4803478","-46,6272311",,19/12/2017,19/12/2017,19/12/2017,,POSITIVO,Negativo,Positivo,,,,,Sagui,Callithrix sp.,N/A,,,,N/A,N/A,,,M.V. Thaís Sanches,"Eutanásia, traumaismo",-,"Fratura de úmero, hematoma extnso, congestão pulmonar, palidez esplênica e hemorragia renal",sim,sim,sim,sim,,,,,,,,,,,,,,,,,,,,,,,,,,
126,,,74335,5734920,,,,Norte,NA,"Rua do Anoitecer, 43 - Jardim Valparaíso - CEP: 02367-350 - São Paulo - SP",,"23,421927","-46,5880621",,21/12/2017,21/12/2017,21/12/2017,,NEGATIVO,Negativo,Negativo,,,,,Bugio-ruivo,Alouatta guariba clamitans,N/A,,,,N/A,N/A,,,M.V. Luciana Martins Rodrigues Guerra,Eutanásia,-,"Discretas alterações, fezes amolecidas, lesão ulcerada em estômago",sim,sim,,sim,,,,,,,,,,,,,,,,,,,,,,,,,,
127,2728,,74340,5734923,,,,Norte,NA,"P.E. da Cantareira - Núcleo Pedra Grande - Rua do Horto, 1799- Horto Florestal - CEP: 02377-000 - São Paulo - SP",,"-23,4542863","-46,6360281",,desconhecida,21/12/2017,21/12/2017,,POSITIVO,Positivo,Positivo,"10,59",,,,Bugio-ruivo,Alouatta guariba clamitans,N/A,,,,N/A,N/A,"Parque Estadual Cantareira - Núcleo Pedra Grande - R. do Horto, 1799 - Horto Florestal, São Paulo - SP, 02377-000, Brasil",,M.V. Eric Thal Brambila C. da Silva,"Infecciosa, agente viral, febre amarela",-,"Hepatopatia, nefropatia, ascite, hidropericárdio, lesões pulmonares hemorrágicas",sim,sim,,sim,Sequenced,Sequenced,BC26,YFV_Lib02Rep_20220516,55085,1900.7,10224,9877,83.9948,Sequenced,39,"55,4",BC16,YFV_metagenomics_1,64560,545,13694,21.21,549.414,94.8,10847,10847,99.880,99.880,-,JF912190.1
128,,,74342,5734923,,,,Norte,NA,"P.E. da Cantareira - Núcleo Pedra Grande - Rua do Horto, 1799- Horto Florestal - CEP: 02377-000 - São Paulo - SP",,"-23,4542863","-46,6360281",,desconhecida,21/12/2017,21/12/2017,,POSITIVO,Positivo,Positivo,,,,,Bugio-ruivo,Alouatta guariba clamitans,N/A,,,,N/A,N/A,"Parque Estadual Cantareira - Núcleo Pedra Grande - R. do Horto, 1799 - Horto Florestal, São Paulo - SP, 02377-000, Brasil",,M.V. Thaís Sanches,"Infecciosa, agente viral, febre amarela",-,"Hepatopatia, nefropatia, efusão abdominal",sim,sim,,sim,,,,,,,,,,,,,,,,,,,,,,,,,,
129,2782,,74511,5734934,2196790C,,,Norte,NA,"Av. Nova Cantareira, 3659 - Tucuruvi - CEP: 02341-001 - São Paulo - SP",,"-23,4691167","-46,6188037",,desconhecida,27/12/2017,27/12/2017,,POSITIVO,Positivo,Positivo,"13,60",,,,Bugio-ruivo,Alouatta guariba clamitans,N/A,,,,N/A,N/A,,,M.V. Eric Thal Brambila C. da Silva,"Infecciosa, agente viral, febre amarela",-,"Hepatopatia, nefropatia, ascite, hidropericárdio",sim,sim,,sim,Sequenced,Sequenced,BC20,YFV_Lib02Rep_20220516,186289,4305.16,10219,10218,86.2602,Sequenced,33,38,BC10,YFV_metagenomics_1,107070,440,7361,6.87,314.334,94.6,10847,10842,99.880,99.834,-,JF912190.1
130,2778,,74615,5734937,2196895E,,,Norte,NA,"Rua Ângelo Capricho, 128 - Horto Florestal - CEP: 02377-010 - São Paulo - SP",,"-23,4587042","-46,6304206",,desconhecida,29/12/2017,29/12/2017,,POSITIVO,Positivo,Positivo,10,,,,Bugio-ruivo,Alouatta guariba clamitans,N/A,,,,N/A,N/A,,,M.V. Thaís Sanches,"Infecciosa, agente viral, febre amarela",-,Autólise avançada,sim,sim,não enviado - ok,sim,Sequenced,Sequenced,BC13,YFV_horto,49591,1907.76,10224,10219,86.3892,Sequenced,13,"39,8",BC13,YFV_metagenomics_2,"601,563",458,"89,604",14.895,"3,491.34",95.4,10849,10849,99.908,99.908,-,JF912190.1
131,2777,,74633,5734940,2196894F,,,Norte,NA,"Avenida Água Fria, 1923 - Barro Branco - CEP: 02333-900 - São Paulo - SP",,"-23,4723139","-46,6182287",,desconhecida,29/12/2017,29/12/2017,,POSITIVO,Positivo,Positivo,"15,37",,,,Bugio-ruivo,Alouatta guariba clamitans,N/A,,,,N/A,N/A,"CEP diferente Av. Água Fria, 1923 - Tucuruvi, São Paulo - SP, 02333-001, Brasil",,M.V. Marcello Schiavo Nardi,"Infecciosa, agente viral, febre amarela",-,"Hepatopatia, nefropatia, ascite, hidropericárdio",sim,sim,,sim,Sequenced,Sequenced,BC19,YFV_Lib02Rep_20220516,312002,4700.31,10224,10219,86.4444,Sequenced,32,"37,4",BC09,YFV_metagenomics_1,156755,469,2879,1.84,96.428,94.6,10635,10448,97.928,96.206,-,JF912190.1
132,2776,,74648,5734944,2196893G,,,Norte,NA,"Av. Nova Cantareira, 3659 - Tucuruvi - CEP: 02341-001 - São Paulo - SP",,"-23,4691167","-46,6188037",,desconhecida,31/12/2017,31/12/2017,Íntegro (vivo + 1 a 2 dias),POSITIVO,Positivo,Positivo,13,,,,Bugio-ruivo,Alouatta guariba clamitans,N/A,,,,N/A,N/A,,,M.V. Luciana Martins Rodrigues Guerra,"Infecciosa, agente viral, febre amarela",-,"Hepatopatia, hidropericárdio, alças congestas, glândulas mamárias desenvolvidas",sim,sim,,sim,Sequenced,Sequenced,BC12,YFV_horto,65991,2560.82,10219,10217,86.1405,Sequenced,12,"42,2",BC12,YFV_metagenomics_2,"165,251",498,"21,016",12.718,865.837,95.3,10849,10848,99.908,99.899,-,JF912190.1
133,2784,,74692,5734945,2197186H,,,Norte,NA,"Av. Nova Cantareira, 3659 - Tucuruvi - CEP: 02341-001 - São Paulo - SP",,"-23,4691167","-46,6188037",,02/01/2018,02/01/2018,02/01/2018,,POSITIVO,Positivo,Positivo,"12,21",,,,Bugio-ruivo,Alouatta guariba clamitans,N/A,,,,N/A,N/A,,,M.V. Marcello Schiavo Nardi,"Infecciosa, agente viral, febre amarela",-,"Hepatopatia, nefropatia, esplenomegalia, ascite, hidropericárdio",sim,sim,,sim,Sequenced,Sequenced,BC21,YFV_Lib02Rep_20220516,202826,4320.5,10226,10225,87.5495,Sequenced,34,"44,8",BC11,YFV_metagenomics_1,113202,498,10084,8.91,386.28,94.7,10849,10843,99.899,99.843,-,JF912190.1
134,,,74718,5734948,,,,Norte,NA,"Rua Manoel Morais Pontes, 271 - Vila Albertina - CEP: 02372-140 - São Paulo - SP",,"-23,4557207","-46,6197139",,03/01/2018,03/01/2018,03/01/2018,,POSITIVO,Positivo,Positivo,,,,,Bugio-ruivo,Alouatta guariba clamitans,N/A,,,,N/A,N/A,"CEP diferente. Rua Manuel Morais Pontes, 271 - Vila Albertina, São Paulo - SP, 02373-000, Brasil",,M.V. Thaís Sanches,"Eutanásia, febre amarela",-,Nefropatia e hepatopatia,sim,sim,,sim,,,,,,,,,,,,,,,,,,,,,,,,,,
135,,,74747,5734950,,,,Norte,NA,"Av. Nova Cantareira, 3659 - Tucuruvi - CEP: 02341-001 - São Paulo - SP",,"-23,4691167","-46,6188037",,desconhecida,04/01/2018,04/01/2018,,POSITIVO,Positivo,Positivo,,,,,Bugio-ruivo,Alouatta guariba clamitans,N/A,,,,N/A,N/A,,,M.V. Thaís Sanches,"Infecciosa, agente viral, febre amarela",-,Autólise avançada,sim,sim,,sim,,,,,,,,,,,,,,,,,,,,,,,,,,
136,,,74748,5734950,,,,Norte,NA,"Av. Nova Cantareira, 3659 - Tucuruvi - CEP: 02341-001 - São Paulo - SP",,"-23,4691167","-46,6188037",,desconhecida,04/01/2018,04/01/2018,,POSITIVO,Positivo,Positivo,,,,,,Alouatta guariba clamitans,N/A,,,,N/A,N/A,,,M.V. Thaís Sanches,"Infecciosa, agente viral, febre amarela",-,Hepatopatia e nefropatia,sim,sim,não enviado - ok,sim,,,,,,,,,,,,,,,,,,,,,,,,,,
137,,,74749,5734950,,,,Norte,NA,"Av. Nova Cantareira, 3659 - Tucuruvi - CEP: 02341-001 - São Paulo - SP",,"-23,4691167","-46,6188037",,desconhecida,04/01/2018,04/01/2018,,POSITIVO,Positivo,Positivo,,,,,Bugio-ruivo,Alouatta guariba clamitans,N/A,,,,N/A,N/A,,,M.V. Thaís Sanches,"Infecciosa, agente viral, febre amarela",-,Hepatopatia e nefropatia,sim,sim,,sim,,,,,,,,,,,,,,,,,,,,,,,,,,
138,,,74840,5734955,,,,Norte,NA,"Rua Gabriel Martins , 68 - Parque Ramos Freitas - CEP: 02353-090 - São Paulo - SP",,"-23,4521178","-46,6063849",,desconhecida,07/01/2018,07/01/2018,,NÃO DETERMINADO,Sample_not_sent,Sample_not_sent,,,,,Bugio-ruivo,Alouatta guariba clamitans,N/A,,,,N/A,N/A,,,,,,,,,,,,,,,,,,,,,,,,,,,,,,,,,,,,
139,3202,,75022,4303334,2198416A,,,Norte,NA,"Avenida Coronel Sezefredo Fagundes, 4600 - Tucuruvi - CEP: 02306-004 - São Paulo - SP",,"-23,4454264","-46,5964362",,desconhecida,15/01/2018,15/01/2018,Íntegro (vivo_0 a 2 dias),POSITIVO,Positivo,,"12,09",,,,Bugio-ruivo,Alouatta guariba clamitans,N/A,,,,N/A,N/A,,,,"Infecciosa, agente viral, febre amarela",-,"Diversos órgãos autolisados, fígado com coloração amarelo-esverdeada",sim,sim,não enviado - ok,sim,Sequenced,Sequenced,BC32,YFV_Lib02Rep_20220516,108562,3215.03,10231,10231,87.7245,Sequenced,45,"29,2",BC22,YFV_metagenomics_1,170149,444,7447,4.38,293.311,94.7,10847,10847,99.880,99.880,-,JF912190.1
140,,,75011,4303335,,,,Mairipora,NA,"Estrada Laramara, 3500 - Corumbá - CEP: 07600-000 - Mairiporã - SP",,"-23,245244","-46,569971",,desconhecida,09/01/2018,15/01/2018,,NEGATIVO,Negativo,Sample_not_sent,,,,,Bugio-ruivo,Alouatta guariba clamitans,N/A,,,,N/A,N/A,"Estr. Laramara, 3500 - Terra Preta, Mairiporã - SP, 07600-000, Brasil",,M.V. Marcello Schiavo Nardi,Não determinada - não realizada necropsia,-,Necropsia não realizada,sim,não enviado - ok,,sim,,,,,,,,,,,,,,,,,,,,,,,,,,
141,,,75024,4303336,,,,Norte,NA,"Avenida Tenente Júlio Prado Neves, 95 - Vila Albertina - 02370-000 - São Paulo - SP",,"-23,4644648","-46,6172625",,desconhecida,15/01/2018,15/01/2018,,NÃO DETERMINADO,Sample_not_sent,Sample_not_sent,,,,,Bugio-ruivo,Alouatta guariba clamitans,N/A,,,,N/A,N/A,,,,,,,,,,,,,,,,,,,,,,,,,,,,,,,,,,,,
142,,,75025,4303336,,,,Norte,NA,"Avenida Tenente Júlio Prado Neves, 95 - Vila Albertina - 02370-000 - São Paulo - SP",,"-23,4644648","-46,6172625",,desconhecida,15/01/2018,15/01/2018,,NÃO DETERMINADO,Sample_not_sent,Sample_not_sent,,,,,Bugio-ruivo,Alouatta guariba clamitans,N/A,,,,N/A,N/A,,,,,,,,,,,,,,,,,,,,,,,,,,,,,,,,,,,,
143,,,75026,4303336,,,,Norte,NA,"Avenida Tenente Júlio Prado Neves, 95 - Vila Albertina - 02370-000 - São Paulo - SP",,"-23,4644648","-46,6172625",,desconhecida,15/01/2018,15/01/2018,,NÃO DETERMINADO,Sample_not_sent,Sample_not_sent,,,,,Bugio-ruivo,Alouatta guariba clamitans,N/A,,,,N/A,N/A,,,,,,,,,,,,,,,,,,,,,,,,,,,,,,,,,,,,
144,2971,,75094,4303369,2198928I,,,Norte,NA,"Avenida Coronel Sezefredo Fagundes, 4600 - Tucuruvi - CEP: 02306-004 - São Paulo - SP",,"-23,4454264","-46,5964362",,desconhecida,19/01/2018,19/01/2018,,POSITIVO,Positivo,Positivo,"20,63",,,,Bugio-ruivo,Alouatta guariba clamitans,N/A,,,,N/A,N/A,,,M.V. Thaís Sanches,"Infecciosa, agente viral, febre amarela",-,Autólise avançada,sim,sim,,sim,Sequenced,Sequenced,BC31,YFV_Lib02Rep_20220516,24888,1727.69,5675,5657,37.4804,Sequenced,44,"13,4",BC21,YFV_metagenomics_1,179425,474,268,0.15,8.459,94.5,1747,855,16.087,7.873,-,JF912190.1
145,,,75278,4303381,,,,Norte,NA,"Rua I, 57 - Jardim Vitória Regia (Taipas) - CEP: 02859-210 - São Paulo - SP",,"-23,4401177","-46,7043919",,desconhecida,27/01/2018,27/01/2018,,POSITIVO,Negativo,Negativo (fígado) / Positivo (encéfalo),,,,,Sagui,Callithrix sp.,N/A,,,,N/A,N/A,"Rua I, 57 - Jardim Vitória Régia (Zona Norte), São Paulo - SP, 02859-210, Brasil",,M.V. Marcello Schiavo Nardi,Inconclusiva,-,"Ruptura hepática, congestão pulmonar. Febre amarela.",sim,sim,sim,sim,,,,,,,,,,,,,,,,,,,,,,,,,,
146,,,75358,4303388,,,,Mairiporã,NA,"Av. Senador José Erminio de Morais, s/n - CEP: 02357-000 - Mairiporã - SP - alt. P.E. da Cantareira - Núcleo Águas Claras",,"-23,4214045","-46,6215058",,24/01/2018,30/01/2018,31/01/2018,,POSITIVO,Amostra inadequada,Positivo,,,,,Sagui-da-serra-escuro,Callithrix aurita,N/A,,,,N/A,N/A,"CEP errado Parque Estadual Cantareira - Núcleo Águas Claras - Av. Sen. José Ermírio de Moraes, s/n - Sítio Barrocada, Mairiporã - SP, 07600-000, Brasil",,M.V. Alice S. de Oliveira,"Traumatismo, indeterminado",-,"Alopecia extensa em região dorsal, hematoma em região inguinal, laceração hepática, cont sanguinolento em cav abdom (sug de trauma)",sim,sim,,sim,,,,,,,,,,,,,,,,,,,,,,,,,,
147,,,75359,4303389,,,,Mairiporã,NA,"Rodovia Fernão Dias, km 65-67 - CEP: 07600-000 - Mairiporã - SP - Altura pedágio Mairiporã",,"-23,329005","-46,5776382",,24/01/2018,30/01/2018,31/01/2018,,POSITIVO,Negativo,Positivo,,,,,Sagui,Callithrix sp.,N/A,,,,N/A,N/A,"nao consegui achar pelo km, mas na imagem aparece o pedagio. Rod. Fernão Dias, Mairiporã - SP, 07600-000, Brasil",,M.V. Alice S. de Oliveira,"Infecciosa, agente viral, febre amarela",-,Intensa congestão pulmonar e nefropatia,sim,sim,,sim,,,,,,,,,,,,,,,,,,,,,,,,,,
148,,,75707,4303431,,,,Norte,NA,"P.E. Albert Lofgren - Rua do Horto, 931 - Horto Florestal - CEP: 023770-000 - São Paulo - SP - ABANDONO",,"-23,4598158","-46,6361394",,desconhecida,23/02/2018,26/02/2018,,NEGATIVO,Negativo,Negativo,,,,,Sagui,Callithrix sp.,N/A,,,,N/A,N/A,"** se coloca so rua do horto 931 da em um lugar diferent. Policiamento Ambiental do Estado de São Paulo - R. do Horto, 931 - Horto Florestal, São Paulo - SP, Brasil",,M.V. Alice S. de Oliveira,Eutanásia,-,Hepatomegalia e nefropatia,sim,sim,,sim,,,,,,,,,,,,,,,,,,,,,,,,,,
149,,,76669,4303472,,,,Norte,NA,"Rua Maetinga, 18 - Vila Santos - CEP: 02637-040 - São Paulo - SP",,"-23,4538874","-46,6502088",,desconhecida,30/03/2018,30/03/2018,,NEGATIVO,"Amostra inadequada, autólise",Negativo,,,,,Sagui,Callithrix sp.,N/A,,,,N/A,N/A,,,M.V. Ticiana Zwarg,"Traumatismo, indeterminado",X,"Autólise avançada, fratura craniana extensa (TCE)",sim,sim,,sim,,,,,,,,,,,,,,,,,,,,,,,,,,
150,,,76905,4303495,,,,Norte,NA,"Parque Municipal Lions Club Tucuruvi - Rua Alcindo Bueno de Assis, 500 - Barro Branco - CEP: 02344-080 - São Paulo - SP",,"-23,4681372","-46,6072671",,18/04/2018,18/04/2018,18/04/2018,,NEGATIVO,Negativo,Negativo,,,,,Sagui,Callithrix sp.,N/A,,,,N/A,N/A,"parque ou rua? um em cada rua R. Alcindo Bueno de Assis, 500 - Tucuruvi, São Paulo - SP, 02344-080, Brasil",,M.V. Thaís Sanches,Eutanásia,X,"Conteúdo sang em narinas e cavidade oral, coágulo sg em região mentoniana, hematoma em região parietal",sim,sim,sim,sim,,,,,,,,,,,,,,,,,,,,,,,,,,
151,,,77005,4303503,,,,Mairipora,NA,"RPPN Sítio Capuavinha - Capuavinha - CEP: 07600-000 - Mairiporã - SP - coordenadas 23°18'55.05""S 46°34'08.90""O",,"-23,8921369","-46,6179791",,desconhecida,24/04/2018,24/04/2018,,NEGATIVO,Negativo,"Negativo (fígado), negativo (encéfalo)",,,,,Sagui-da-serra-escuro,Callithrix aurita,N/A,,,,N/A,N/A,"Conferir. RPPN Sítio Curucutu - Estrada do Capivari, Estr. do Curucutu, 13041, São Paulo - SP, 04895-090, Brasil",,M.V. Ticiana Zwarg,"Traumatismo, indeterminado",-,"Extenso hematoma, fratura de costelas, ruptura de fígado e estômago - SUSPEITA DE PREDAÇÃO",sim,sim,,sim,,,,,,,,,,,,,,,,,,,,,,,,,,
152,,,77632,4303237,,,,Norte,NA,"Avenida Nova Cantareira, 3659 - Tucuruvi - CEP: 02341-001 - São Paulo - SP",,"-23,4691167","-46,6188037",,desconhecido,05/06/2018,05/06/2018,,NEGATIVO,Inadequado (autólise),"Negativo (encéfalo), Negativo (fígado)",,,,,Sagui,Callithrix sp.,N/A,,,,N/A,N/A,,,M.V. Ticiana Zwarg,"Traumatismo, eletrocussão",-,"Lesões extensas de queimadura, perda dos pés, fratura de cauda, pelos chamuscados",sim,sim,sim,sim,,,,,,,,,,,,,,,,,,,,,,,,,,
153,,,77737,4303253,,,,Norte,NA,"P.E. Albert Lofgren - Rua Luís Carlos Gentile de Laet, 553 - Horto Florestal - CEP: 02378-000 - São Paulo - SP",,"-23,4625002","-46,6295915",,desconhecido,15/06/2018,18/06/2018,,NEGATIVO,Negativo,"Negativo (fígado), negativo (encéfalo)",,,,,Sagui,Callithrix sp.,N/A,,,,N/A,N/A,"P.E. Albert Lofgren ou Rua Luís Carlos Gentile de Laet, 553?",,M.V. Ticiana Zwarg,"Traumatismo, acidental, atropelamento",-,"Hiperplasia mamária, animal magro, desidratado. Hematoma extenso, ruptura hepática e diafragmática",sim,sim,sim,sim,,,,,,,,,,,,,,,,,,,,,,,,,,
154,,,78576,6656382,,,,Mairipora,NA,"Estrada Santa Inês, km 17,5 - Condomínio Chácara Bela Vista - CEP 07600-000 - Mairiporã - SP",,"-23,4189989","-46,6655516",,14/08/2018,14/08/2018,16/08/2018,,NEGATIVO,Negativo,Negativo,,,,,Sagui,Callithrix sp.,N/A,,,,N/A,N/A,"nao acha pelo km, cep diferente",,M.V. Ticiana Zwarg,"Eutanásia, traumatismo",-,"Lesão torácica vertebral, retenção urinária e de fezes, hemoperitôneio, ruptura hepática",sim,sim,sim,sim,,,,,,,,,,,,,,,,,,,,,,,,,,
155,,,79063,6656397,,,,Norte,NA,"Avenida Nova Cantareira, 3924 (Rua 1 - condomínio) - Tucuruvi - CEP: 02340-001 - São Paulo - SP",,"-23,4662852","-46,6159149",,10/09/2018,08/09/2018,10/09/2018,,NEGATIVO,HP não compativel com FA,Negativo,,,,,Sagui,Callithrix sp.,N/A,,,,N/A,N/A,"Av. Nova Cantareira, 3924 - Tremembé, São Paulo - SP, 02340-001, Brasil",,M.V. Alice S. de Oliveira,"Eutanásia, reprodutiva, distocia",-,"Presença de feto em útero e um natimorto, repleção de vesícula urinária",sim,sim,sim,sim,,,,,,,,,,,,,,,,,,,,,,,,,,
156,,,79727,6830566,,,,Mairipora,NA,Rua Pau Marfim - Condomínio Sausalito - CEP: 07600-000 - Mairiporã - SP,,"-23,3720397","-46,6437934",,26/09/2018,26/09/2018,26/09/2018,,NEGATIVO,Não realizada (HP ñ compatível com FA),Negativo,,,,,Bugio-ruivo,Alouatta guariba clamitans,N/A,,,,N/A,N/A,,,M.V. Ticiana Zwarg,8,-,"Ascite, hidropericárdio, hepatopatia, nefropatia, endocardite (?)",,,,,,,,,,,,,,,,,,,,,,,,,,,,,,
157,,,82488,6830598,,,,Norte,NA,"Rua José Vicente, 181 - Tremembé - CEP: 02370-080 - São Paulo - SP",,"-23,461726","-46,623013",,05/12/2018,05/12/2018,06/12/2018,,NEGATIVO,Não realizada (HP ñ compatível com FA),"Negativo (encéfalo), Negativo (fígado)",,,,,Sagui,Callithrix sp,N/A,,,,N/A,N/A,,,M.V. Thaís Sanches,Eutanásia,-,"Edema em pálpebra esquerda, congestão encefálica e em ID",sim,sim,,sim,,,,,,,,,,,,,,,,,,,,,,,,,,
158,,,82694,6830602,,,,Norte,NA,"Avenida Santa Inês, alt. 2920/ portão 7 - Jardim Peri - CEP: 02631-000 - São Paulo - SP",,"-23,4613387","-46,6395745",,11/12/2018,11/12/2018,11/12/2018,,NEGATIVO,Inadequado (autólise),"Negativo (encéfalo), Negativo (fígado)",,,,,Macaco-prego,Sapajus sp,N/A,,,,N/A,N/A,,,M.V. Ticiana Zwarg,"Traumatismo, acidental, atropelamento",X,"Autólise, fratura de crânio",sim,sim,sim,sim,,,,,,,,,,,,,,,,,,,,,,,,,,
159,,,82695,6830602,,,,Norte,NA,"Avenida Santa Inês, alt. 2920/ portão 7 - Jardim Peri - CEP: 02631-000 - São Paulo - SP",,"-23,4613387","-46,6395745",,11/12/2018,11/12/2018,11/12/2018,,NEGATIVO,Inadequado (autólise),"Negativo (encéfalo), Negativo (fígado)",,,,,Macaco-prego,Sapajus sp,N/A,,,,N/A,N/A,,,M.V. Ticiana Zwarg,"Traumatismo, acidental, atropelamento",X,"Hematoma encefálico, hemorragia intracraniana",sim,sim,ainda não,sim,,,,,,,,,,,,,,,,,,,,,,,,,,
160,,,82763,6830602,,,,Norte,NA,"Avenida Santa Inês, alt. 2920/ portão 7 - Jardim Peri - CEP: 02631-000 - São Paulo - SP",,"-23,4613387","-46,6395745",,11/12/2018,11/12/2018,11/12/2018,,NEGATIVO,Não recebido,"Negativo (encéfalo), Negativo (fígado)",,,,,Macaco-prego,Sapajus sp,N/A,,,,N/A,N/A,https://earth.google.com/earth/d/1Oc2n0KHHvglXn6csGn2Z0hS_vQ_W6F5A?usp=sharing,,M.V. Ticiana Zwarg,"Circulatória, choque hipovolêmico",-,"Morte da mãe, animal intra-útero",não recebido,sim,ainda não,sim,,,,,,,,,,,,,,,,,,,,,,,,,,
161,,,NA,NA,NA,NA,24,,,Horto,,"-23,45584","-46,63605",,,26/12/2017,,,,,,,,,,,Haemagogus leucocelaenus,3,Femea,,,Solo,Puçá,,mosquitoes,,,,,,,,,Sequenced,Sequenced,BC01,YFV_SP_LIBRARY11_20191010,20463,921.904,10224,10217,99.3748,Sequenced,N/A,"20,6",BC01/BC02/BC04,LibYFV_PNHmosq_20220804/LibYFV_MosqPNHrepeticao_20220816/yfv_repeticao_Cantareira_20220922,"1,164,917",388,4784,0.410673035,146.795,94.9,10736,10387,98.86729901,95.65337508,Australian Anopheles totivirus,JF912190.1
162,,,NA,NA,NA,NA,66,,,Horto,,"-23,46351","-46,63303",,,03/01/2018,,,,,,,,,,,Haemagogus leucocelaenus,5,Femea,,,Solo,Puçá,,mosquitoes,,,,,,,,,Sequenced,Sequenced,BC02,YFV_SP_LIBRARY11_20191010,32430,1461.73,9964,9951,96.2778,Sequenced,N/A,"9,66",BC02/BC03/BC05,LibYFV_PNHmosq_20220804/LibYFV_MosqPNHrepeticao_20220816/yfv_repeticao_Cantareira_20220922,"818,114",331,3472,0.424390733,64.123,94.4,8275,7091,76.20407036,65.30067225,Choristoneura occidentalis granulovirus/Staphylococcus phage vB_SepS_SEP9/Yellowstone lake phycodnavirus 1,JF912190.1
163,,,NA,NA,NA,NA,81,,,Horto,,"-23,46469","-46,63525",,,04/01/2018,,,,,,,,,,,Haemagogus leucocelaenus,1,Femea,,,Solo,Puçá,,mosquitoes,,,,,,,,,Sequenced,Sequenced,BC03,YFV_SP_LIBRARY11_20191010,17907,803.185,10215,9952,96.2681,Sequenced,N/A,"8,68",BC03/BC04/BC06,LibYFV_PNHmosq_20220804/LibYFV_MosqPNHrepeticao_20220816/yfv_repeticao_Cantareira_20220922,"265,510",945,5744,2.163383677,396.883,94.1,10439,10321,96.13224054,95.04558431,Choristoneura occidentalis granulovirus,JF912190.1
164,,,NA,NA,NA,NA,95,,,Horto,,"-23,46389","-46,63025",,,04/01/2018,,,,,,,,,,,Haemagogus leucocelaenus,5,Femea,,,Solo,Puçá,,mosquitoes,,,,,,,,,Sequenced,Sequenced,BC04,YFV_SP_LIBRARY11_20191010,41324,1552.05,9471,9148,90.1036,Sequenced,N/A,20,BC04/BC05/BC07,LibYFV_PNHmosq_20220804/LibYFV_MosqPNHrepeticao_20220816/yfv_repeticao_Cantareira_20220922,"422,256",756,5705,1.351076124,543.606,95.2,10846,10586,99.88028364,97.48595635,Choristoneura occidentalis granulovirus,JF912190.1
165,,,NA,NA,NA,NA,119,,,Horto,,"-23,46634","-46,63147",,,05/01/2018,,,,,,,,,,,Haemagogus leucocelaenus,5,Femea,,,Solo,Puçá,,mosquitoes,,,,,,,,,Sequenced,Sequenced,BC05,YFV_SP_LIBRARY11_20191010,19743,891.362,9699,9458,90.4357,Sequenced,N/A,"16,8",BC05/BC06/BC08,LibYFV_PNHmosq_20220804/LibYFV_MosqPNHrepeticao_20220816/yfv_repeticao_Cantareira_20220922,"451,634",612,9862,2.183626565,818.056,95.3,10589,10464,97.5135832,96.36246432,Choristoneura occidentalis granulovirus/Australian Anopheles totivirus,JF912190.1
166,,,NA,NA,NA,NA,120,,,Horto,,"-23,46634","-46,63147",,,05/01/2018,,,,,,,,,,,Haemagogus leucocelaenus,5,Femea,,,Solo,Puçá,,mosquitoes,,,,,,,,,Sequenced,Sequenced,BC06,YFV_SP_LIBRARY11_20191010,24339,1116.89,9718,9460,90.4455,Sequenced,N/A,"15,2",BC06/BC07/BC09,LibYFV_PNHmosq_20220804/LibYFV_MosqPNHrepeticao_20220816/yfv_repeticao_Cantareira_20220922,"345,856",538,1100,0.318051443,77.944,95.1,10247,7675,94.36412193,70.6786997,Choristoneura occidentalis granulovirus,JF912190.1
167,,,NA,NA,NA,NA,177,,,Horto,,"-23,465369","-46,630977",,,11/01/2018,,,,,,,,,,,Haemagogus leucocelaenus,5,Femea,,,Solo,Puçá,,mosquitoes,,,,,,,,,Sequenced,Sequenced,BC07,YFV_SP_LIBRARY11_20191010,18566,840.965,9722,9465,93.0832,Sequenced,N/A,41,BC07/BC08/BC10,LibYFV_PNHmosq_20220804/LibYFV_MosqPNHrepeticao_20220816/yfv_repeticao_Cantareira_20220922,"250,509",875,2776,1.108143819,180.165,95.1,10845,10638,99.87107468,97.96482181,Choristoneura occidentalis granulovirus,JF912190.1
168,,,NA,NA,NA,NA,182,,,Horto,,"-23,465369","-46,630977",,,11/01/2018,,,,,,,,,,,Haemagogus leucocelaenus,4,Femea,,,Solo,Puçá,,mosquitoes,,,,,,,,,Sequenced,Sequenced,BC08,YFV_SP_LIBRARY11_20191010,17323,778.458,9998,9732,96.1411,Sequenced,N/A,"56,8",BC08/BC09/BC11,LibYFV_PNHmosq_20220804/LibYFV_MosqPNHrepeticao_20220816/yfv_repeticao_Cantareira_20220922,"306,772",866,2017,0.657491557,122.974,95,10459,10405,96.31641956,95.8191362,Choristoneura occidentalis granulovirus,JF912190.1
169,,,NA,NA,NA,NA,192,,,Horto,,"-23,465369","-46,630977",,,11/01/2018,,,,,,,,,,,Haemagogus leucocelaenus,5,Femea,,,Solo,Puçá,,mosquitoes,,,,,,,,,Sequenced,Sequenced,BC09,YFV_SP_LIBRARY11_20191010,13164,593.737,10217,10217,99.3748,Sequenced,N/A,"23,4",BC09/BC10/BC13,LibYFV_PNHmosq_20220804/LibYFV_MosqPNHrepeticao_20220816/yfv_repeticao_Cantareira_20220922,"446,908",732,12624,2.824742453,871.085,95.1,10848,10848,99.89870154,99.89870154,Choristoneura occidentalis granulovirus/Aphid lethal paralysis virus,JF912190.1
170,,,NA,NA,NA,NA,,,,,,,,,,,,,,,,,,,,,,,,,,,,,,,,,,,,,,,,,,,,,,,,,,,,,,,,,,,,,,,
LEGENDA ID,,,Notificação,Resultado,,,,Coleta,,,,,,,,,,,,,,,,,,,,,,,,,,,,,,,,,,,,,,,,,,,,,,,,,,,,,,,,,,,,,
,,,SIM,POSITIVO,,,,SIM,,,,,,,,,,,,,,,,,,,,,,,,,,,,,,,,,,,,,,,,,,,,,,,,,,,,,,,,,,,,,
,,,NÃO,NÃO TEM,,,,NÃO,,,,,,,,,,,,,,,,,,,,,,,,,,,,,,,,,,,,,,,,,,,,,,,,,,,,,,,,,,,,,
,,,SIM,NEGATIVO,,,,SIM,,,,,,,,,,,,,,,,,,,,,,,,,,,,,,,,,,,,,,,,,,,,,,,,,,,,,,,,,,,,,
,,,SIM,NÃO TEM,,,,NÃO,,,,,,,,,,,,,,,,,,,,,,,,,,,,,,,,,,,,,,,,,,,,,,,,,,,,,,,,,,,,,
